x,y,U,V,W,urms,vrms,wrms,uv,uw,vw
0,0,-7.184e-16,-2.267e-35,1.3093e-19,1.9675e-14,7.7514e-17,1.0054e-15,4.8141e-35,-1.8264e-32,4.9351e-36
0,3.0842e-05,0.0012869,3.5931e-26,-5.4441e-08,0.00051871,2.3149e-07,0.0003316,-2.474e-11,-5.9542e-11,-6.0484e-15
0,0.00012337,0.0051471,6.2498e-25,-2.1776e-07,0.002074,3.6815e-06,0.0013194,-1.5906e-09,-9.656e-10,-4.0783e-13
0,0.00027757,0.01158,-1.2647e-24,-4.8992e-07,0.0046628,1.8429e-05,0.0029408,-1.8231e-08,-4.9995e-09,-4.9441e-12
0,0.00049344,0.020583,-3.9116e-24,-8.7085e-07,0.008281,5.731e-05,0.0051594,-1.0334e-07,-1.6269e-08,-3.0081e-11
0,0.00077096,0.032155,5.8822e-26,-1.3604e-06,0.012923,0.00013705,0.007927,-3.9849e-07,-4.1083e-08,-1.2394e-10
0,0.0011101,0.046292,1.1529e-23,-1.9584e-06,0.018585,0.00027712,0.011185,-1.2046e-06,-8.8329e-08,-3.9438e-10
0,0.0015109,0.062987,2.9058e-23,-2.6649e-06,0.025259,0.00049847,0.014867,-3.0773e-06,-1.6976e-07,-1.0374e-09
0,0.0019733,0.082232,6.4939e-23,-3.4802e-06,0.032937,0.00082214,0.0189,-6.9448e-06,-3.0007e-07,-2.3476e-09
0,0.0024972,0.10401,-2.3623e-22,-4.4059e-06,0.041605,0.001268,0.02321,-1.424e-05,-4.9673e-07,-4.6839e-09
0,0.0030827,0.1283,-3.6422e-22,-5.4449e-06,0.051237,0.0018536,0.027719,-2.7025e-05,-7.7945e-07,-8.3658e-09
0,0.0037296,0.15506,-6.941e-22,-6.601e-06,0.061791,0.0025932,0.032352,-4.8083e-05,-1.1691e-06,-1.3489e-08
0,0.004438,0.18423,-9.8821e-22,-7.8785e-06,0.073194,0.0034971,0.037038,-8.0924e-05,-1.6858e-06,-1.9675e-08
0,0.0052079,0.21571,1.7223e-22,-9.2782e-06,0.085342,0.0045717,0.041713,-0.00012968,-2.3453e-06,-2.5811e-08
0,0.006039,0.24939,7.5198e-22,-1.0793e-05,0.098088,0.0058188,0.04632,-0.00019881,-3.1542e-06,-2.9853e-08
0,0.0069315,0.28508,-5.2234e-22,-1.2401e-05,0.11124,0.0072364,0.050811,-0.00029276,-4.1032e-06,-2.8773e-08
0,0.0078853,0.32256,1.5717e-22,-1.4054e-05,0.12459,0.008819,0.055151,-0.00041536,-5.1604e-06,-1.8729e-08
0,0.0089003,0.36157,-1.536e-21,-1.5674e-05,0.13786,0.010558,0.059314,-0.00056936,-6.2652e-06,4.5047e-09
0,0.0099763,0.40178,9.3174e-22,-1.7143e-05,0.15082,0.012443,0.063288,-0.00075597,-7.3223e-06,4.4872e-08
0,0.011114,0.44283,1.8334e-21,-1.8301e-05,0.16322,0.014462,0.067065,-0.00097455,-8.198e-06,1.052e-07
0,0.012312,0.48435,-9.7785e-22,-1.8952e-05,0.17482,0.016601,0.070649,-0.0012226,-8.7157e-06,1.8643e-07
0,0.013571,0.52594,-9.0957e-21,-1.8878e-05,0.18547,0.018847,0.074046,-0.0014959,-8.6565e-06,2.8702e-07
0,0.014891,0.56723,-5.326e-21,-1.7857e-05,0.19501,0.021184,0.077265,-0.0017889,-7.767e-06,4.0292e-07
0,0.016271,0.60785,-1.4144e-20,-1.5686e-05,0.20337,0.0236,0.080316,-0.0020953,-5.7781e-06,5.2798e-07
0,0.017713,0.64749,-5.7674e-21,-1.2205e-05,0.21051,0.026079,0.083207,-0.0024083,-2.4333e-06,6.5504e-07
0,0.019215,0.68587,-8.4703e-21,-7.3096e-06,0.21645,0.028608,0.085945,-0.0027215,2.4804e-06,7.7728e-07
0,0.020777,0.72279,7.7551e-21,-9.5404e-07,0.22122,0.031172,0.088534,-0.003029,9.1092e-06,8.8949e-07
0,0.0224,0.75809,1.9862e-20,6.8598e-06,0.22488,0.033758,0.090976,-0.0033259,1.7522e-05,9.8859e-07
0,0.024083,0.79165,-5.9179e-21,1.6099e-05,0.22754,0.036351,0.093272,-0.0036082,2.7713e-05,1.0736e-06
0,0.025827,0.82343,1.042e-20,2.6717e-05,0.22927,0.03894,0.09542,-0.0038732,3.9606e-05,1.1452e-06
0,0.02763,0.8534,2.7214e-20,3.8664e-05,0.23019,0.041509,0.097422,-0.0041191,5.3077e-05,1.2062e-06
0,0.029494,0.88159,-2.0404e-21,5.1903e-05,0.23038,0.044049,0.099277,-0.0043449,6.7982e-05,1.2611e-06
0,0.031417,0.90805,-1.7533e-20,6.6427e-05,0.22995,0.046546,0.10099,-0.0045505,8.4191e-05,1.3154e-06
0,0.0334,0.93284,3.7232e-21,8.2259e-05,0.22898,0.048991,0.10255,-0.0047364,0.00010162,1.3728e-06
0,0.035443,0.95604,1.167e-20,9.9434e-05,0.22756,0.051375,0.10398,-0.0049034,0.00012025,1.4308e-06
0,0.037545,0.97774,7.5292e-21,0.00011794,0.22577,0.053688,0.10527,-0.0050526,0.00014009,1.4804e-06
0,0.039706,0.99804,6.7461e-21,0.00013764,0.22366,0.055925,0.10643,-0.0051852,0.00016111,1.5081e-06
0,0.041927,1.017,2.8566e-20,0.00015823,0.22131,0.05808,0.10747,-0.0053025,0.00018317,1.5007e-06
0,0.044207,1.0348,2.8807e-20,0.00017921,0.21876,0.060148,0.10839,-0.0054059,0.00020593,1.4499e-06
0,0.046546,1.0515,-7.5593e-21,0.00019994,0.21607,0.062126,0.1092,-0.0054966,0.00022887,1.3539e-06
0,0.048943,1.0671,-9.547e-21,0.00021973,0.21328,0.064012,0.1099,-0.0055758,0.00025131,1.2167e-06
0,0.0514,1.0817,5.5264e-20,0.00023793,0.21042,0.065803,0.11051,-0.0056446,0.00027254,1.0451e-06
0,0.053915,1.0955,-3.7013e-20,0.00025396,0.20752,0.067501,0.11103,-0.0057039,0.00029193,8.4634e-07
0,0.056488,1.1085,4.1892e-20,0.00026736,0.20462,0.069104,0.11147,-0.0057549,0.00030895,6.2687e-07
0,0.059119,1.1208,1.6594e-20,0.00027778,0.20174,0.070615,0.11184,-0.0057983,0.00032315,3.9445e-07
0,0.061809,1.1323,-3.614e-20,0.00028493,0.19889,0.072033,0.11215,-0.0058348,0.00033413,1.5919e-07
0,0.064556,1.1433,8.1165e-21,0.00028865,0.19609,0.073361,0.1124,-0.0058653,0.00034158,-6.8943e-08
0,0.067361,1.1537,2.3596e-20,0.0002889,0.19336,0.074601,0.1126,-0.0058901,0.00034531,-2.7963e-07
0,0.070224,1.1636,-1.0419e-19,0.00028576,0.1907,0.075755,0.11275,-0.00591,0.00034526,-4.6063e-07
0,0.073143,1.1731,-2.2844e-20,0.00027943,0.18813,0.076825,0.11286,-0.0059254,0.0003415,-6.0403e-07
0,0.07612,1.1821,1.2679e-20,0.00027007,0.18564,0.077814,0.11294,-0.0059368,0.00033418,-7.1335e-07
0,0.079155,1.1907,5.6017e-20,0.00025779,0.18324,0.078726,0.11297,-0.0059446,0.00032338,-7.9918e-07
0,0.082245,1.199,-6.7522e-20,0.00024268,0.18094,0.079563,0.11297,-0.005949,0.00030911,-8.6972e-07
0,0.085393,1.207,2.2949e-20,0.0002249,0.17873,0.080329,0.11295,-0.0059503,0.00029148,-9.2647e-07
0,0.088597,1.2148,-3.2074e-20,0.00020476,0.17661,0.081026,0.11289,-0.005949,0.00027084,-9.6648e-07
0,0.091857,1.2222,3.9784e-20,0.00018272,0.17458,0.08166,0.11281,-0.0059452,0.00024773,-9.8376e-07
0,0.095173,1.2295,4.1983e-20,0.00015944,0.17265,0.082232,0.1127,-0.0059393,0.00022287,-9.6577e-07
0,0.098545,1.2365,6.5865e-20,0.00013574,0.1708,0.082746,0.11257,-0.0059315,0.00019709,-9.0031e-07
0,0.10197,1.2434,-3.9875e-20,0.00011245,0.16905,0.083205,0.11241,-0.0059219,0.00017121,-7.9046e-07
0,0.10546,1.2501,7.8379e-20,9.0115e-05,0.16737,0.083613,0.11224,-0.0059107,0.00014585,-6.5288e-07
0,0.10899,1.2566,-4.1064e-20,6.9054e-05,0.16579,0.083973,0.11205,-0.005898,0.00012143,-5.0455e-07
0,0.11259,1.263,7.1452e-20,4.9319e-05,0.16428,0.084288,0.11183,-0.005884,9.8115e-05,-3.6149e-07
0,0.11623,1.2692,-3.3279e-20,3.0638e-05,0.16284,0.08456,0.1116,-0.0058687,7.5747e-05,-2.4165e-07
0,0.11994,1.2753,-6.0015e-20,1.2507e-05,0.16148,0.084793,0.11134,-0.0058522,5.3875e-05,-1.5171e-07
0,0.12369,1.2814,9.1103e-20,-5.4394e-06,0.16019,0.084989,0.11107,-0.0058347,3.2158e-05,-7.5963e-08
0,0.1275,1.2873,-8.0457e-20,-2.3152e-05,0.15896,0.08515,0.11078,-0.0058161,1.0734e-05,1.3257e-08
0,0.13137,1.2931,2.831e-20,-4.0302e-05,0.15779,0.08528,0.11047,-0.0057967,-9.8899e-06,1.376e-07
0,0.13529,1.2989,2.5238e-20,-5.6655e-05,0.15668,0.08538,0.11014,-0.0057764,-2.9372e-05,2.9591e-07
0,0.13926,1.3045,5.686e-20,-7.2271e-05,0.15562,0.085452,0.10981,-0.0057554,-4.784e-05,4.6804e-07
0,0.14328,1.3101,3.2044e-20,-8.7285e-05,0.1546,0.0855,0.10946,-0.0057337,-6.5589e-05,6.4206e-07
0,0.14736,1.3157,-4.9994e-20,-0.00010165,0.15364,0.085524,0.10911,-0.0057113,-8.2714e-05,8.1472e-07
0,0.15149,1.3211,-5.7945e-20,-0.00011529,0.15271,0.085526,0.10875,-0.0056882,-9.9276e-05,9.7839e-07
0,0.15567,1.3265,-6.0233e-21,-0.00012834,0.15181,0.085507,0.10838,-0.0056645,-0.00011562,1.1241e-06
0,0.15991,1.3318,4.7042e-20,-0.00014111,0.15096,0.085469,0.10801,-0.0056401,-0.00013235,1.2532e-06
0,0.16419,1.3371,-2.7527e-20,-0.00015368,0.15013,0.085413,0.10763,-0.005615,-0.00014966,1.3805e-06
0,0.16853,1.3423,-3.1141e-20,-0.00016566,0.14932,0.08534,0.10724,-0.0055894,-0.00016708,1.517e-06
0,0.17292,1.3475,9.2699e-20,-0.00017657,0.14854,0.085252,0.10685,-0.0055631,-0.00018394,1.6603e-06
0,0.17736,1.3526,-6.0474e-20,-0.00018622,0.14779,0.08515,0.10645,-0.0055364,-0.00019997,1.7959e-06
0,0.18185,1.3576,-9.2639e-20,-0.00019483,0.14705,0.085034,0.10605,-0.0055092,-0.00021524,1.9028e-06
0,0.18639,1.3626,-2.5539e-20,-0.00020268,0.14633,0.084906,0.10564,-0.0054816,-0.00022989,1.9747e-06
0,0.19098,1.3676,-1.03e-20,-0.00020996,0.14564,0.084767,0.10522,-0.0054535,-0.00024378,2.0297e-06
0,0.19562,1.3725,3.7164e-20,-0.00021673,0.14495,0.084617,0.1048,-0.0054249,-0.00025672,2.0765e-06
0,0.20032,1.3774,1.6028e-19,-0.00022299,0.14429,0.084457,0.10437,-0.0053958,-0.0002687,2.105e-06
0,0.20506,1.3823,-5.409e-20,-0.00022849,0.14364,0.084287,0.10393,-0.0053662,-0.00027957,2.1217e-06
0,0.20984,1.3871,-3.3189e-20,-0.00023253,0.143,0.08411,0.10349,-0.0053361,-0.00028869,2.1565e-06
0,0.21468,1.3919,9.2248e-20,-0.00023409,0.14238,0.083924,0.10305,-0.0053055,-0.00029486,2.2475e-06
0,0.21957,1.3966,8.2731e-20,-0.00023219,0.14176,0.083731,0.10259,-0.0052746,-0.00029676,2.4007e-06
0,0.2245,1.4013,-5.5565e-20,-0.00022645,0.14116,0.083531,0.10214,-0.0052433,-0.0002937,2.5667e-06
0,0.22949,1.406,8.5712e-20,-0.00021734,0.14056,0.083325,0.10168,-0.0052117,-0.0002861,2.6877e-06
0,0.23452,1.4106,1.8672e-19,-0.00020573,0.13997,0.083113,0.10123,-0.0051797,-0.00027501,2.7443e-06
0,0.23959,1.4152,1.0338e-19,-0.00019259,0.13938,0.082895,0.10077,-0.0051473,-0.00026173,2.7477e-06
0,0.24472,1.4197,5.8667e-20,-0.00017873,0.1388,0.082671,0.10032,-0.0051145,-0.00024735,2.7211e-06
0,0.24989,1.4243,-1.2372e-19,-0.00016455,0.13821,0.082443,0.099873,-0.0050812,-0.00023238,2.6853e-06
0,0.25511,1.4288,-9.5207e-20,-0.00015027,0.13762,0.082211,0.099424,-0.0050475,-0.00021698,2.6322e-06
0,0.26037,1.4332,3.5733e-20,-0.00013634,0.13703,0.081976,0.098975,-0.0050133,-0.00020162,2.5373e-06
0,0.26568,1.4377,-1.4773e-19,-0.00012323,0.13644,0.081739,0.098525,-0.0049786,-0.00018685,2.4093e-06
0,0.27103,1.4421,-2.4948e-20,-0.00011107,0.13584,0.081499,0.098074,-0.0049436,-0.00017277,2.2749e-06
0,0.27643,1.4465,6.3631e-20,-9.9861e-05,0.13523,0.081257,0.097623,-0.0049081,-0.00015923,2.1443e-06
0,0.28187,1.4508,-7.2709e-20,-8.9539e-05,0.13463,0.081012,0.097173,-0.0048723,-0.0001461,2.0204e-06
0,0.28736,1.4552,-6.585e-20,-8.0128e-05,0.13402,0.080764,0.096722,-0.0048362,-0.00013344,1.9015e-06
0,0.29289,1.4595,1.4379e-19,-7.1529e-05,0.13342,0.080511,0.096273,-0.0047997,-0.00012124,1.7853e-06
0,0.29847,1.4638,-4.6914e-20,-6.3513e-05,0.13281,0.080255,0.095823,-0.0047629,-0.00010922,1.6619e-06
0,0.30409,1.4681,-8.8641e-20,-5.6104e-05,0.13221,0.079994,0.095372,-0.0047258,-9.744e-05,1.5101e-06
0,0.30975,1.4723,1.4124e-19,-4.9489e-05,0.1316,0.079729,0.09492,-0.0046884,-8.6166e-05,1.324e-06
0,0.31545,1.4766,3.6035e-20,-4.3887e-05,0.131,0.079461,0.094466,-0.0046507,-7.5695e-05,1.1129e-06
0,0.3212,1.4808,-1.0499e-19,-3.9352e-05,0.13039,0.079189,0.094009,-0.0046126,-6.6064e-05,9.0944e-07
0,0.32699,1.485,4.6158e-20,-3.5707e-05,0.12978,0.078913,0.093551,-0.0045742,-5.6953e-05,7.4029e-07
0,0.33282,1.4891,1.3511e-19,-3.3094e-05,0.12918,0.078634,0.093093,-0.0045354,-4.8515e-05,5.8304e-07
0,0.33869,1.4932,-1.273e-19,-3.2134e-05,0.12857,0.078352,0.092636,-0.0044963,-4.1719e-05,3.9965e-07
0,0.3446,1.4973,4.6237e-20,-3.3611e-05,0.12796,0.078067,0.092182,-0.0044569,-3.7909e-05,1.8224e-07
0,0.35055,1.5014,6.908e-20,-3.8059e-05,0.12734,0.077778,0.091728,-0.0044172,-3.8173e-05,-4.1674e-08
0,0.35654,1.5055,-4.205e-20,-4.5617e-05,0.12673,0.077485,0.091276,-0.0043772,-4.3049e-05,-2.4765e-07
0,0.36258,1.5095,-4.1192e-20,-5.6016e-05,0.12612,0.077188,0.090824,-0.0043369,-5.2501e-05,-4.2526e-07
0,0.36865,1.5135,-4.315e-20,-6.8238e-05,0.1255,0.076887,0.090371,-0.0042963,-6.5279e-05,-5.5419e-07
0,0.37476,1.5175,-1.2498e-20,-8.0751e-05,0.12489,0.076581,0.089917,-0.0042553,-7.9186e-05,-6.2378e-07
0,0.38091,1.5214,7.3048e-20,-9.2194e-05,0.12428,0.07627,0.089459,-0.004214,-9.2164e-05,-6.3825e-07
0,0.38709,1.5253,1.9498e-19,-0.00010169,0.12367,0.075954,0.088996,-0.0041724,-0.00010277,-6.1932e-07
0,0.39332,1.5292,-2.4515e-20,-0.00010852,0.12307,0.075634,0.088526,-0.0041305,-0.0001098,-5.8711e-07
0,0.39958,1.5331,-2.0193e-20,-0.00011206,0.12246,0.07531,0.088048,-0.0040883,-0.00011221,-5.5595e-07
0,0.40588,1.537,-1.1384e-20,-0.00011238,0.12185,0.074983,0.087562,-0.004046,-0.00010994,-5.4172e-07
0,0.41221,1.5408,8.5983e-21,-0.00011019,0.12124,0.074653,0.087067,-0.0040033,-0.000104,-5.5288e-07
0,0.41859,1.5446,-4.638e-21,-0.00010638,0.12063,0.07432,0.086565,-0.0039604,-9.5661e-05,-5.9357e-07
0,0.42499,1.5483,-8.8784e-20,-0.00010186,0.12002,0.073986,0.086056,-0.0039173,-8.6331e-05,-6.5003e-07
0,0.43144,1.5521,-5.6333e-20,-9.7509e-05,0.1194,0.073649,0.085541,-0.0038739,-7.7587e-05,-7.0537e-07
0,0.43792,1.5558,-4.5145e-20,-9.4135e-05,0.11877,0.073311,0.085024,-0.0038302,-7.0851e-05,-7.6286e-07
0,0.44443,1.5595,-1.5632e-19,-9.2199e-05,0.11815,0.072972,0.084503,-0.0037863,-6.6949e-05,-8.3457e-07
0,0.45098,1.5631,1.1443e-19,-9.1926e-05,0.11751,0.072631,0.083981,-0.0037421,-6.6281e-05,-9.3325e-07
0,0.45756,1.5668,-7.6557e-20,-9.3503e-05,0.11687,0.072288,0.083457,-0.0036976,-6.9101e-05,-1.066e-06
0,0.46417,1.5704,2.2616e-19,-9.7212e-05,0.11622,0.071945,0.082932,-0.0036529,-7.5663e-05,-1.226e-06
0,0.47082,1.5739,1.7751e-19,-0.00010319,0.11556,0.071599,0.082408,-0.0036079,-8.5974e-05,-1.3887e-06
0,0.4775,1.5775,-1.2503e-19,-0.00011134,0.1149,0.071251,0.081884,-0.0035626,-9.9813e-05,-1.5395e-06
0,0.48421,1.581,-5.4737e-20,-0.0001215,0.11423,0.0709,0.081362,-0.0035171,-0.000117,-1.6869e-06
0,0.49096,1.5845,-2.1082e-22,-0.00013342,0.11356,0.070545,0.080843,-0.0034714,-0.00013716,-1.8346e-06
0,0.49773,1.588,1.2769e-20,-0.00014616,0.11289,0.070188,0.080327,-0.0034255,-0.00015888,-1.9623e-06
0,0.50454,1.5914,-7.4238e-20,-0.00015847,0.11221,0.069827,0.079813,-0.0033794,-0.00018012,-2.0698e-06
0,0.51138,1.5948,5.9804e-20,-0.00016962,0.11153,0.069464,0.079302,-0.003333,-0.00019961,-2.1793e-06
0,0.51825,1.5982,-2.2271e-20,-0.00017951,0.11085,0.069098,0.078794,-0.0032864,-0.0002171,-2.298e-06
0,0.52514,1.6016,6.9668e-20,-0.00018815,0.11016,0.068732,0.078286,-0.0032396,-0.0002326,-2.4129e-06
0,0.53207,1.6049,-2.9906e-20,-0.0001953,0.10946,0.068364,0.077781,-0.0031925,-0.00024572,-2.5097e-06
0,0.53903,1.6082,-8.2716e-20,-0.00020044,0.10876,0.067997,0.077275,-0.0031451,-0.00025568,-2.5826e-06
0,0.54601,1.6115,3.6795e-20,-0.0002032,0.10804,0.067632,0.076769,-0.0030976,-0.00026184,-2.6431e-06
0,0.55302,1.6147,1.1681e-19,-0.00020344,0.10732,0.067268,0.07626,-0.0030498,-0.00026381,-2.699e-06
0,0.56006,1.6179,-1.1301e-19,-0.00020107,0.10659,0.066906,0.07575,-0.0030018,-0.00026135,-2.7546e-06
0,0.56713,1.6211,-5.5227e-20,-0.00019583,0.10585,0.066546,0.075236,-0.0029537,-0.00025388,-2.8073e-06
0,0.57422,1.6243,-7.0473e-21,-0.00018717,0.10511,0.066188,0.07472,-0.0029053,-0.00024039,-2.8504e-06
0,0.58134,1.6274,-1.7367e-19,-0.00017513,0.10436,0.065831,0.074203,-0.0028568,-0.00022081,-2.8909e-06
0,0.58849,1.6305,-8.2497e-20,-0.00016097,0.10362,0.065475,0.073686,-0.002808,-0.0001971,-2.951e-06
0,0.59566,1.6336,1.3822e-19,-0.00014646,0.10287,0.065121,0.073168,-0.0027591,-0.00017218,-3.0415e-06
0,0.60285,1.6366,1.0842e-19,-0.00013311,0.10212,0.064767,0.072649,-0.0027101,-0.00014868,-3.1633e-06
0,0.61007,1.6396,1.2024e-20,-0.00012183,0.10138,0.064414,0.072129,-0.0026609,-0.00012836,-3.2962e-06
0,0.61732,1.6426,3.0331e-20,-0.00011266,0.10063,0.064064,0.071605,-0.0026116,-0.00011161,-3.4e-06
0,0.62458,1.6455,-1.0829e-19,-0.00010481,0.099879,0.063715,0.071077,-0.0025621,-9.7517e-05,-3.4509e-06
0,0.63188,1.6483,6.0685e-20,-9.6975e-05,0.099127,0.063369,0.070546,-0.0025125,-8.416e-05,-3.4594e-06
0,0.63919,1.6512,4.5213e-20,-8.79e-05,0.098373,0.063027,0.070014,-0.0024627,-6.966e-05,-3.4544e-06
0,0.64653,1.654,4.5175e-22,-7.7121e-05,0.097619,0.062687,0.069483,-0.0024127,-5.326e-05,-3.4484e-06
0,0.65388,1.6567,-2.319e-21,-6.4731e-05,0.096863,0.06235,0.068956,-0.0023626,-3.502e-05,-3.426e-06
0,0.66126,1.6594,9.7744e-20,-5.0888e-05,0.096106,0.062017,0.068432,-0.0023123,-1.4993e-05,-3.3819e-06
0,0.66866,1.6621,-7.1934e-20,-3.5714e-05,0.095347,0.061687,0.067911,-0.0022618,6.8683e-06,-3.3338e-06
0,0.67608,1.6647,1.0978e-20,-1.9518e-05,0.094584,0.061361,0.067394,-0.0022111,3.0221e-05,-3.3033e-06
0,0.68352,1.6673,9.6479e-20,-3.0247e-06,0.093815,0.061038,0.066881,-0.0021602,5.3938e-05,-3.2978e-06
0,0.69098,1.6698,7.8349e-20,1.2549e-05,0.09304,0.060719,0.066371,-0.0021092,7.6038e-05,-3.3224e-06
0,0.69846,1.6723,-6.3847e-21,2.5458e-05,0.092258,0.060405,0.065864,-0.002058,9.3728e-05,-3.3896e-06
0,0.70596,1.6748,1.6564e-21,3.3793e-05,0.091468,0.060094,0.06536,-0.0020066,0.00010398,-3.4987e-06
0,0.71348,1.6772,1.4433e-20,3.6045e-05,0.090672,0.059789,0.064859,-0.0019551,0.00010432,-3.627e-06
0,0.72101,1.6796,3.3753e-20,3.1366e-05,0.089868,0.059488,0.06436,-0.0019035,9.323e-05,-3.7494e-06
0,0.72856,1.682,-1.6805e-20,1.9553e-05,0.08906,0.059193,0.063863,-0.0018518,7.0176e-05,-3.8557e-06
0,0.73613,1.6843,-1.039e-20,7.6819e-07,0.088246,0.058903,0.063365,-0.0017999,3.523e-05,-3.9567e-06
0,0.74371,1.6866,-9.0734e-20,-2.4722e-05,0.087428,0.058618,0.062867,-0.001748,-1.1309e-05,-4.0607e-06
0,0.75131,1.6888,-2.7707e-20,-5.6863e-05,0.086606,0.058338,0.062371,-0.001696,-6.9363e-05,-4.1612e-06
0,0.75892,1.6911,2.651e-20,-9.5866e-05,0.08578,0.058064,0.061877,-0.0016438,-0.00013919,-4.2484e-06
0,0.76655,1.6932,-5.991e-20,-0.00014188,0.084951,0.057795,0.061386,-0.0015917,-0.00022096,-4.3132e-06
0,0.7742,1.6953,1.7076e-20,-0.00019485,0.08412,0.05753,0.060897,-0.0015394,-0.00031448,-4.3582e-06
0,0.78186,1.6974,-7.0526e-20,-0.00025476,0.083289,0.057271,0.060411,-0.0014872,-0.00041973,-4.4021e-06
0,0.78953,1.6994,-2.4127e-20,-0.00032159,0.08246,0.057016,0.059928,-0.0014349,-0.00053666,-4.4492e-06
0,0.79721,1.7014,6.0866e-20,-0.00039523,0.081635,0.056766,0.059449,-0.0013826,-0.00066514,-4.4907e-06
0,0.80491,1.7033,-1.0714e-19,-0.00047547,0.080816,0.056523,0.058976,-0.0013302,-0.00080475,-4.5139e-06
0,0.81262,1.7051,-8.1225e-20,-0.00056187,0.080003,0.056285,0.05851,-0.0012777,-0.00095468,-4.5121e-06
0,0.82034,1.7069,4.007e-20,-0.00065353,0.0792,0.056055,0.058057,-0.0012252,-0.0011134,-4.4861e-06
0,0.82807,1.7086,-1.2318e-20,-0.00074902,0.078406,0.055831,0.05762,-0.0011726,-0.0012784,-4.4422e-06
0,0.83581,1.7103,5.0272e-20,-0.00084675,0.077625,0.055615,0.057201,-0.00112,-0.001447,-4.3868e-06
0,0.84357,1.7119,4.8684e-20,-0.00094543,0.076858,0.055405,0.056802,-0.0010674,-0.001617,-4.3224e-06
0,0.85133,1.7134,3.8444e-20,-0.0010442,0.076105,0.055203,0.05642,-0.0010147,-0.001787,-4.2477e-06
0,0.8591,1.7149,-5.0942e-20,-0.0011424,0.075369,0.055008,0.056055,-0.00096208,-0.0019559,-4.1671e-06
0,0.86688,1.7163,1.8153e-20,-0.001239,0.07465,0.054822,0.055705,-0.00090941,-0.0021219,-4.0823e-06
0,0.87467,1.7176,-3.3731e-20,-0.0013326,0.073951,0.054644,0.05537,-0.00085672,-0.0022826,-3.9895e-06
0,0.88246,1.7188,-9.4265e-21,-0.0014217,0.073273,0.054474,0.055052,-0.000804,-0.0024358,-3.8836e-06
0,0.89027,1.72,-7.0059e-20,-0.0015053,0.072618,0.054315,0.054751,-0.00075126,-0.0025797,-3.7713e-06
0,0.89808,1.7211,4.2645e-20,-0.0015833,0.071989,0.054164,0.054469,-0.00069847,-0.0027138,-3.6725e-06
0,0.90589,1.7221,-2.9228e-20,-0.0016559,0.071385,0.054023,0.054206,-0.00064566,-0.0028388,-3.5991e-06
0,0.91371,1.7231,4.6229e-21,-0.0017233,0.070807,0.053892,0.053963,-0.00059283,-0.0029549,-3.5391e-06
0,0.92154,1.724,-3.6757e-20,-0.0017856,0.070257,0.053771,0.053742,-0.00053996,-0.0030624,-3.4773e-06
0,0.92937,1.7248,0,-0.0018426,0.069737,0.05366,0.053544,-0.00048708,-0.0031609,-3.4143e-06
0,0.93721,1.7255,-1.022e-19,-0.0018941,0.069249,0.05356,0.053368,-0.00043418,-0.0032501,-3.3555e-06
0,0.94505,1.7261,-6.3561e-20,-0.0019399,0.068796,0.053469,0.053214,-0.00038127,-0.0033297,-3.2947e-06
0,0.95289,1.7267,7.9764e-20,-0.00198,0.068383,0.053388,0.053082,-0.00032835,-0.0033996,-3.23e-06
0,0.96074,1.7272,1.1595e-21,-0.0020146,0.068014,0.053318,0.05297,-0.00027543,-0.00346,-3.1718e-06
0,0.96859,1.7275,1.6579e-20,-0.002044,0.067688,0.053259,0.052881,-0.0002225,-0.0035118,-3.131e-06
0,0.97644,1.7279,4.1275e-20,-0.002069,0.067408,0.053211,0.052815,-0.00016957,-0.0035559,-3.1164e-06
0,0.98429,1.7281,-2.4635e-20,-0.0020906,0.067174,0.053174,0.05277,-0.00011665,-0.0035943,-3.1316e-06
0,0.99215,1.7282,-3.9558e-20,-0.0021101,0.066985,0.053149,0.052748,-6.3743e-05,-0.0036293,-3.174e-06
0,1,1.7283,2.4876e-20,-0.0021288,0.066843,0.053136,0.052747,-1.0826e-05,-0.0036629,-3.2395e-06
0,1.0079,1.7283,-2.1247e-20,-0.0021475,0.066749,0.053135,0.052768,4.2108e-05,-0.0036964,-3.3201e-06
0,1.0157,1.7282,3.2978e-20,-0.0021664,0.066704,0.053146,0.052811,9.505e-05,-0.0037303,-3.4042e-06
0,1.0236,1.728,7.3259e-20,-0.0021859,0.066707,0.053171,0.052876,0.00014799,-0.0037648,-3.4887e-06
0,1.0314,1.7277,-7.6647e-21,-0.0022063,0.066758,0.053208,0.052964,0.00020093,-0.0038005,-3.5768e-06
0,1.0393,1.7274,8.2219e-21,-0.0022279,0.066858,0.053258,0.053076,0.00025386,-0.0038377,-3.6663e-06
0,1.0471,1.7269,2.4184e-20,-0.0022508,0.067006,0.053322,0.053211,0.00030678,-0.0038765,-3.7509e-06
0,1.055,1.7264,7.8273e-20,-0.0022747,0.067201,0.053399,0.05337,0.0003597,-0.0039162,-3.8266e-06
0,1.0628,1.7258,3.614e-22,-0.0022989,0.067441,0.053489,0.053552,0.00041261,-0.003956,-3.8848e-06
0,1.0706,1.7251,7.5864e-20,-0.0023231,0.067726,0.053591,0.053757,0.00046551,-0.0039949,-3.9244e-06
0,1.0785,1.7243,-8.9627e-20,-0.0023469,0.068053,0.053706,0.053986,0.00051839,-0.0040328,-3.9624e-06
0,1.0863,1.7235,-4.7735e-20,-0.0023704,0.06842,0.053834,0.054236,0.00057126,-0.0040699,-4.0077e-06
0,1.0941,1.7225,-4.394e-20,-0.0023935,0.068826,0.053973,0.054505,0.0006241,-0.0041058,-4.0496e-06
0,1.1019,1.7215,-5.0747e-20,-0.0024156,0.069269,0.054125,0.054791,0.00067693,-0.0041395,-4.0756e-06
0,1.1097,1.7204,8.011e-21,-0.0024355,0.06975,0.054287,0.055093,0.00072974,-0.0041692,-4.0754e-06
0,1.1175,1.7192,2.0133e-20,-0.0024521,0.070266,0.054461,0.055409,0.00078253,-0.0041928,-4.0455e-06
0,1.1253,1.718,-3.0448e-20,-0.0024642,0.070816,0.054644,0.055737,0.00083532,-0.0042085,-3.9899e-06
0,1.1331,1.7166,3.2933e-20,-0.0024711,0.071398,0.054836,0.056079,0.00088809,-0.0042149,-3.9133e-06
0,1.1409,1.7152,5.2313e-20,-0.0024721,0.072009,0.055036,0.056432,0.00094084,-0.0042111,-3.8232e-06
0,1.1487,1.7138,6.1363e-20,-0.0024667,0.072649,0.055245,0.056794,0.00099355,-0.0041966,-3.7249e-06
0,1.1564,1.7122,-1.4095e-20,-0.0024548,0.073314,0.05546,0.057163,0.0010462,-0.004171,-3.6163e-06
0,1.1642,1.7106,9.3211e-21,-0.0024357,0.074002,0.055683,0.057538,0.0010988,-0.0041337,-3.495e-06
0,1.1719,1.7089,6.2869e-21,-0.0024091,0.074711,0.055913,0.05792,0.0011513,-0.0040841,-3.3602e-06
0,1.1797,1.7072,-2.0705e-20,-0.0023745,0.075437,0.056149,0.058311,0.0012038,-0.0040214,-3.2201e-06
0,1.1874,1.7053,-9.5846e-21,-0.0023317,0.076177,0.056391,0.058713,0.0012562,-0.0039456,-3.0794e-06
0,1.1951,1.7035,-1.3711e-20,-0.002281,0.076928,0.056639,0.059126,0.0013085,-0.0038566,-2.9321e-06
0,1.2028,1.7015,7.8416e-20,-0.0022223,0.077688,0.056893,0.059552,0.0013608,-0.0037546,-2.7834e-06
0,1.2105,1.6995,-7.5089e-20,-0.0021563,0.078457,0.057153,0.059992,0.0014129,-0.0036404,-2.6509e-06
0,1.2181,1.6975,3.8406e-20,-0.0020841,0.079232,0.057418,0.060445,0.001465,-0.003516,-2.5525e-06
0,1.2258,1.6953,2.5787e-20,-0.0020074,0.080013,0.057688,0.060908,0.0015169,-0.0033844,-2.499e-06
0,1.2334,1.6932,2.4997e-20,-0.001928,0.080799,0.057965,0.061381,0.0015688,-0.0032488,-2.4841e-06
0,1.2411,1.6909,1.3989e-20,-0.0018478,0.081589,0.058247,0.061862,0.0016206,-0.0031122,-2.495e-06
0,1.2487,1.6886,-6.14e-21,-0.0017678,0.082382,0.058535,0.062352,0.0016724,-0.0029764,-2.528e-06
0,1.2563,1.6863,-2.8592e-20,-0.001689,0.083178,0.058829,0.06285,0.0017241,-0.0028427,-2.5824e-06
0,1.2639,1.6839,-5.7259e-20,-0.0016121,0.083975,0.05913,0.063356,0.0017756,-0.0027126,-2.6553e-06
0,1.2714,1.6815,1.32e-19,-0.001538,0.084773,0.059437,0.06387,0.0018271,-0.0025871,-2.7377e-06
0,1.279,1.679,-3.6554e-20,-0.0014665,0.085572,0.059751,0.06439,0.0018785,-0.002466,-2.8188e-06
0,1.2865,1.6765,4.2314e-21,-0.0013972,0.086371,0.060072,0.064915,0.0019298,-0.0023487,-2.8919e-06
0,1.294,1.6739,3.4484e-20,-0.0013298,0.087169,0.060399,0.065446,0.0019811,-0.0022345,-2.9581e-06
0,1.3015,1.6713,1.1093e-19,-0.0012637,0.087963,0.060733,0.065981,0.0020322,-0.0021226,-3.0238e-06
0,1.309,1.6687,-3.8248e-20,-0.0011986,0.088754,0.061071,0.066521,0.0020832,-0.0020127,-3.092e-06
0,1.3165,1.666,-3.6291e-20,-0.0011343,0.089543,0.061414,0.067064,0.0021341,-0.0019041,-3.1538e-06
0,1.3239,1.6633,-3.8339e-20,-0.00107,0.09033,0.061761,0.06761,0.0021848,-0.0017958,-3.1974e-06
0,1.3313,1.6605,-3.4875e-20,-0.0010051,0.091113,0.062112,0.068157,0.0022355,-0.0016863,-3.2208e-06
0,1.3387,1.6577,1.1685e-20,-0.00093867,0.091892,0.062465,0.068704,0.002286,-0.0015744,-3.2452e-06
0,1.3461,1.6549,-7.9855e-20,-0.00087096,0.092667,0.06282,0.069251,0.0023363,-0.0014605,-3.2895e-06
0,1.3535,1.652,-6.6648e-20,-0.00080265,0.09344,0.063177,0.069797,0.0023865,-0.001346,-3.3483e-06
0,1.3608,1.6491,-5.1469e-20,-0.0007344,0.094212,0.063535,0.070343,0.0024365,-0.0012322,-3.4151e-06
0,1.3681,1.6462,4.9647e-20,-0.00066687,0.094983,0.063894,0.070888,0.0024864,-0.0011202,-3.4919e-06
0,1.3754,1.6432,-4.891e-20,-0.00060087,0.095752,0.064253,0.071435,0.002536,-0.0010113,-3.5818e-06
0,1.3827,1.6402,-2.8641e-20,-0.00053728,0.09652,0.064613,0.071984,0.0025854,-0.00090681,-3.6765e-06
0,1.3899,1.6372,3.614e-22,-0.00047669,0.097284,0.064973,0.072536,0.0026346,-0.00080746,-3.7651e-06
0,1.3971,1.6341,4.1802e-20,-0.00041943,0.098044,0.065334,0.073092,0.0026836,-0.0007136,-3.8494e-06
0,1.4043,1.631,-2.4515e-20,-0.00036566,0.0988,0.065695,0.07365,0.0027325,-0.00062541,-3.9318e-06
0,1.4115,1.6278,5.5294e-20,-0.00031541,0.099552,0.066055,0.074209,0.0027811,-0.00054283,-4.0089e-06
0,1.4187,1.6247,2.1383e-20,-0.00026862,0.1003,0.066416,0.074769,0.0028296,-0.00046572,-4.0815e-06
0,1.4258,1.6215,2.6804e-21,-0.00022525,0.10104,0.066775,0.075329,0.0028779,-0.00039403,-4.1469e-06
0,1.4329,1.6182,1.1203e-20,-0.00018514,0.10179,0.067134,0.07589,0.0029259,-0.00032755,-4.2024e-06
0,1.4399,1.6149,3.2406e-20,-0.00014807,0.10252,0.067491,0.076452,0.0029738,-0.000266,-4.2576e-06
0,1.447,1.6116,-6.7763e-20,-0.00011418,0.10326,0.067846,0.077018,0.0030215,-0.00020978,-4.3141e-06
0,1.454,1.6083,-8.0954e-20,-8.4159e-05,0.10399,0.0682,0.077587,0.0030691,-0.00016005,-4.3643e-06
0,1.461,1.6049,-1.4516e-20,-5.8824e-05,0.10473,0.068553,0.078159,0.0031165,-0.00011803,-4.424e-06
0,1.4679,1.6015,-7.5894e-21,-3.8852e-05,0.10546,0.068905,0.078729,0.0031637,-8.4555e-05,-4.513e-06
0,1.4749,1.5981,6.975e-20,-2.4725e-05,0.10618,0.069257,0.079295,0.0032107,-6.0118e-05,-4.6308e-06
0,1.4818,1.5947,-4.2103e-20,-1.6826e-05,0.10691,0.069609,0.079851,0.0032575,-4.5088e-05,-4.7521e-06
0,1.4886,1.5912,-1.1143e-20,-1.5002e-05,0.10763,0.069962,0.080396,0.003304,-3.9094e-05,-4.8447e-06
0,1.4955,1.5878,-1.0481e-19,-1.8189e-05,0.10835,0.070315,0.08093,0.0033503,-4.0491e-05,-4.8972e-06
0,1.5023,1.5843,3.6321e-20,-2.4959e-05,0.10907,0.070667,0.081453,0.0033964,-4.7204e-05,-4.9252e-06
0,1.509,1.5807,1.804e-20,-3.4149e-05,0.10978,0.071018,0.081968,0.0034422,-5.7508e-05,-4.9361e-06
0,1.5158,1.5772,-6.8184e-20,-4.4792e-05,0.11048,0.071366,0.082475,0.0034878,-6.9852e-05,-4.9216e-06
0,1.5225,1.5736,4.3519e-20,-5.603e-05,0.11118,0.071713,0.082977,0.0035332,-8.292e-05,-4.8733e-06
0,1.5292,1.57,-7.6527e-20,-6.725e-05,0.11188,0.072056,0.083475,0.0035784,-9.5979e-05,-4.794e-06
0,1.5358,1.5664,1.3141e-19,-7.7866e-05,0.11258,0.072396,0.083968,0.0036234,-0.00010843,-4.6898e-06
0,1.5424,1.5628,9.2293e-20,-8.7209e-05,0.11328,0.072733,0.084459,0.0036681,-0.00011948,-4.5818e-06
0,1.549,1.5591,-1.1038e-20,-9.4956e-05,0.11397,0.073065,0.084948,0.0037126,-0.00012873,-4.4937e-06
0,1.5556,1.5554,7.7016e-20,-0.00010132,0.11466,0.073394,0.085435,0.0037568,-0.00013647,-4.444e-06
0,1.5621,1.5517,-7.5638e-20,-0.00010685,0.11535,0.073719,0.085919,0.0038007,-0.00014339,-4.4194e-06
0,1.5686,1.548,3.4333e-21,-0.00011186,0.11604,0.074041,0.086398,0.0038443,-0.00014982,-4.3796e-06
0,1.575,1.5442,9.547e-20,-0.00011601,0.11672,0.07436,0.08687,0.0038876,-0.0001552,-4.2918e-06
0,1.5814,1.5405,-5.2704e-22,-0.00011847,0.1174,0.074677,0.087334,0.0039306,-0.00015828,-4.1535e-06
0,1.5878,1.5367,-2.7662e-20,-0.00011825,0.11808,0.074992,0.08779,0.0039733,-0.00015755,-3.9837e-06
0,1.5941,1.5328,6.3486e-20,-0.00011457,0.11875,0.075305,0.088237,0.0040158,-0.00015174,-3.8052e-06
0,1.6004,1.529,1.2366e-19,-0.0001069,0.11942,0.075616,0.088676,0.004058,-0.00013998,-3.6076e-06
0,1.6067,1.5251,1.2468e-20,-9.4817e-05,0.12008,0.075925,0.08911,0.0040999,-0.00012161,-3.3823e-06
0,1.6129,1.5212,-1.2498e-20,-7.8319e-05,0.12074,0.076231,0.089538,0.0041415,-9.6627e-05,-3.1629e-06
0,1.6191,1.5172,7.4509e-20,-5.8276e-05,0.12139,0.076534,0.089961,0.0041829,-6.6355e-05,-2.9872e-06
0,1.6252,1.5133,1.2107e-20,-3.6406e-05,0.12204,0.076835,0.09038,0.004224,-3.3523e-05,-2.8788e-06
0,1.6314,1.5093,-3.3219e-20,-1.4909e-05,0.12268,0.077133,0.090794,0.0042648,-1.6467e-06,-2.823e-06
0,1.6374,1.5053,-4.4031e-20,4.3854e-06,0.12332,0.077429,0.091204,0.0043053,2.6401e-05,-2.7758e-06
0,1.6435,1.5012,1.9787e-20,2.0535e-05,0.12396,0.077721,0.091609,0.0043456,4.9221e-05,-2.73e-06
0,1.6494,1.4972,-5.7945e-20,3.3259e-05,0.12459,0.078011,0.092011,0.0043855,6.6435e-05,-2.6897e-06
0,1.6554,1.4931,1.8191e-20,4.2913e-05,0.12523,0.078297,0.09241,0.0044252,7.8545e-05,-2.6319e-06
0,1.6613,1.489,2.4982e-20,5.0587e-05,0.12586,0.078582,0.092808,0.0044646,8.7144e-05,-2.5283e-06
0,1.6672,1.4848,6.2507e-20,5.7746e-05,0.1265,0.078863,0.093206,0.0045037,9.4392e-05,-2.3831e-06
0,1.673,1.4807,2.4123e-20,6.5656e-05,0.12713,0.079143,0.093605,0.0045424,0.00010218,-2.2172e-06
0,1.6788,1.4765,2.7768e-20,7.5163e-05,0.12776,0.079421,0.094006,0.0045808,0.00011188,-2.0529e-06
0,1.6845,1.4723,1.1399e-20,8.674e-05,0.12838,0.079697,0.094408,0.0046188,0.00012438,-1.8896e-06
0,1.6903,1.4681,-2.5238e-20,0.00010068,0.129,0.079971,0.094809,0.0046566,0.0001403,-1.7279e-06
0,1.6959,1.4638,2.7226e-20,0.00011695,0.12962,0.080242,0.09521,0.004694,0.00015965,-1.5811e-06
0,1.7015,1.4595,1.0505e-19,0.00013504,0.13024,0.080511,0.09561,0.0047311,0.00018163,-1.4591e-06
0,1.7071,1.4552,-1.8672e-21,0.0001542,0.13085,0.080776,0.096008,0.0047679,0.00020512,-1.3628e-06
0,1.7126,1.4509,3.1156e-20,0.00017382,0.13147,0.081038,0.096406,0.0048043,0.00022925,-1.2831e-06
0,1.7181,1.4465,7.5668e-20,0.00019374,0.13208,0.081295,0.096806,0.0048404,0.00025384,-1.2122e-06
0,1.7236,1.4421,2.8295e-20,0.00021432,0.1327,0.081547,0.097209,0.0048762,0.00027937,-1.1724e-06
0,1.729,1.4377,1.4305e-20,0.00023573,0.13332,0.081794,0.097615,0.0049117,0.00030598,-1.1759e-06
0,1.7343,1.4332,-1.5028e-20,0.00025785,0.13393,0.082034,0.098025,0.0049468,0.00033334,-1.2065e-06
0,1.7396,1.4288,-3.3128e-21,0.0002804,0.13455,0.082268,0.098438,0.0049815,0.00036087,-1.265e-06
0,1.7449,1.4243,2.526e-20,0.00030256,0.13516,0.082496,0.098851,0.0050159,0.00038728,-1.374e-06
0,1.7501,1.4198,1.0127e-20,0.00032287,0.13578,0.082717,0.099262,0.0050498,0.00041062,-1.5442e-06
0,1.7553,1.4152,1.173e-20,0.00033995,0.13639,0.082932,0.099669,0.0050834,0.00042911,-1.7601e-06
0,1.7604,1.4106,3.5214e-20,0.00035294,0.137,0.083141,0.10007,0.0051166,0.0004417,-1.9817e-06
0,1.7655,1.406,8.0901e-20,0.00036169,0.13762,0.083344,0.10047,0.0051494,0.00044826,-2.1878e-06
0,1.7705,1.4014,2.8076e-20,0.00036643,0.13824,0.08354,0.10087,0.0051818,0.00044913,-2.3906e-06
0,1.7755,1.3967,1.4633e-20,0.00036747,0.13886,0.083729,0.10127,0.0052138,0.00044472,-2.6097e-06
0,1.7804,1.3921,-3.6976e-20,0.00036499,0.13949,0.083911,0.10167,0.0052453,0.00043535,-2.8453e-06
0,1.7853,1.3873,-1.1237e-20,0.00035934,0.14013,0.084086,0.10206,0.0052764,0.00042159,-3.067e-06
0,1.7902,1.3826,5.8916e-22,0.00035138,0.14079,0.084252,0.10246,0.0053071,0.00040489,-3.239e-06
0,1.7949,1.3778,-2.6725e-20,0.00034224,0.14145,0.084411,0.10285,0.0053373,0.00038708,-3.349e-06
0,1.7997,1.3729,-8.9906e-20,0.00033284,0.14213,0.084561,0.10325,0.005367,0.00036962,-3.4187e-06
0,1.8044,1.3681,4.2416e-20,0.00032337,0.14281,0.084702,0.10364,0.0053964,0.00035288,-3.4829e-06
0,1.809,1.3632,-3.0388e-20,0.00031327,0.14352,0.084834,0.10404,0.0054253,0.00033614,-3.5542e-06
0,1.8136,1.3582,6.704e-20,0.00030174,0.14423,0.084955,0.10444,0.0054538,0.00031828,-3.6348e-06
0,1.8181,1.3532,-1.628e-19,0.00028815,0.14497,0.085065,0.10484,0.0054817,0.00029827,-3.7415e-06
0,1.8226,1.3482,-3.7194e-20,0.00027192,0.14573,0.085163,0.10524,0.0055091,0.00027506,-3.893e-06
0,1.8271,1.3431,1.1292e-19,0.00025237,0.1465,0.085248,0.10563,0.0055359,0.00024764,-4.0827e-06
0,1.8315,1.338,-1.3191e-20,0.00022913,0.14731,0.08532,0.10603,0.0055621,0.00021548,-4.2888e-06
0,1.8358,1.3329,-5.6996e-21,0.00020232,0.14814,0.085376,0.10642,0.0055878,0.0001787,-4.4986e-06
0,1.8401,1.3276,4.2465e-20,0.00017209,0.149,0.085415,0.1068,0.0056128,0.00013756,-4.7143e-06
0,1.8443,1.3224,1.0285e-20,0.0001384,0.14989,0.085437,0.10718,0.0056374,9.2107e-05,-4.9329e-06
0,1.8485,1.317,1.5357e-19,0.00010109,0.15082,0.08544,0.10756,0.0056614,4.229e-05,-5.145e-06
0,1.8526,1.3117,2.9575e-20,5.9975e-05,0.15178,0.085422,0.10793,0.0056846,-1.1974e-05,-5.34e-06
0,1.8567,1.3062,-4.1832e-20,1.4993e-05,0.15278,0.085382,0.10829,0.0057072,-7.0603e-05,-5.5029e-06
0,1.8607,1.3007,-2.1262e-20,-3.3408e-05,0.15383,0.085319,0.10864,0.005729,-0.00013284,-5.6258e-06
0,1.8647,1.2951,8.4628e-21,-8.4159e-05,0.15492,0.085231,0.10898,0.00575,-0.00019721,-5.7165e-06
0,1.8686,1.2894,-6.8425e-20,-0.00013592,0.15607,0.085115,0.10932,0.0057703,-0.00026202,-5.7948e-06
0,1.8725,1.2836,-3.7465e-20,-0.00018758,0.15727,0.084971,0.10963,0.0057896,-0.00032606,-5.879e-06
0,1.8763,1.2778,4.8187e-20,-0.00023855,0.15853,0.084796,0.10994,0.0058079,-0.00038869,-5.9641e-06
0,1.8801,1.2718,3.9603e-20,-0.00028844,0.15985,0.084587,0.11023,0.0058253,-0.0004495,-6.019e-06
0,1.8838,1.2657,-5.8487e-20,-0.00033669,0.16124,0.084342,0.11051,0.0058416,-0.00050787,-6.012e-06
0,1.8874,1.2595,-2.0871e-20,-0.00038257,0.1627,0.084057,0.11077,0.0058568,-0.00056302,-5.934e-06
0,1.891,1.2532,-8.4026e-21,-0.0004254,0.16423,0.083731,0.11102,0.0058707,-0.00061421,-5.8031e-06
0,1.8945,1.2467,2.8129e-20,-0.00046474,0.16584,0.083361,0.11125,0.0058832,-0.00066082,-5.6468e-06
0,1.898,1.2401,-8.7474e-20,-0.0005002,0.16752,0.082943,0.11147,0.0058941,-0.0007023,-5.4846e-06
0,1.9015,1.2333,-9.1073e-20,-0.00053144,0.16929,0.082475,0.11166,0.0059033,-0.00073818,-5.327e-06
0,1.9048,1.2263,-1.3831e-20,-0.00055828,0.17115,0.081954,0.11183,0.0059107,-0.00076832,-5.1797e-06
0,1.9081,1.219,-2.571e-20,-0.00058083,0.17309,0.081376,0.11197,0.0059162,-0.00079288,-5.0391e-06
0,1.9114,1.2116,1.1753e-20,-0.00059935,0.17512,0.080738,0.11209,0.0059195,-0.00081219,-4.8944e-06
0,1.9146,1.2039,-3.9916e-20,-0.00061411,0.17725,0.080038,0.11218,0.0059205,-0.00082654,-4.7363e-06
0,1.9178,1.1959,2.0796e-20,-0.00062531,0.17947,0.07927,0.11223,0.0059189,-0.00083629,-4.5658e-06
0,1.9208,1.1875,-1.551e-21,-0.00063324,0.18179,0.078433,0.11225,0.0059144,-0.00084196,-4.3898e-06
0,1.9239,1.1789,1.6301e-20,-0.00063825,0.18419,0.077522,0.11223,0.0059065,-0.00084407,-4.2132e-06
0,1.9269,1.1698,4.6395e-20,-0.00064064,0.18668,0.076536,0.11217,0.0058951,-0.00084289,-4.0344e-06
0,1.9298,1.1604,1.6568e-20,-0.00064047,0.18925,0.07547,0.11206,0.0058796,-0.0008384,-3.8536e-06
0,1.9326,1.1505,4.2073e-20,-0.00063775,0.1919,0.074322,0.11191,0.0058596,-0.00083052,-3.6795e-06
0,1.9354,1.14,1.0443e-20,-0.00063264,0.19462,0.073089,0.11171,0.0058347,-0.00081938,-3.5263e-06
0,1.9382,1.129,1.2965e-20,-0.00062545,0.1974,0.071769,0.11145,0.0058043,-0.00080533,-3.407e-06
0,1.9409,1.1174,-9.4868e-21,-0.00061666,0.20023,0.070359,0.11114,0.0057678,-0.0007889,-3.3263e-06
0,1.9435,1.1052,-1.443e-20,-0.00060678,0.20309,0.068857,0.11076,0.0057245,-0.00077066,-3.2759e-06
0,1.9461,1.0922,3.5011e-21,-0.00059621,0.20597,0.067263,0.1103,0.0056737,-0.00075102,-3.2416e-06
0,1.9486,1.0784,5.3683e-21,-0.0005852,0.20884,0.065575,0.10976,0.0056145,-0.00073025,-3.2154e-06
0,1.9511,1.0637,7.3033e-22,-0.00057395,0.21167,0.063792,0.10914,0.005546,-0.00070852,-3.1971e-06
0,1.9535,1.0481,-8.5456e-21,-0.00056268,0.21444,0.061916,0.10842,0.0054673,-0.00068604,-3.1882e-06
0,1.9558,1.0314,-9.8256e-21,-0.00055155,0.21711,0.059948,0.1076,0.0053771,-0.00066298,-3.1865e-06
0,1.9581,1.0137,-5.805e-21,-0.00054068,0.21964,0.057889,0.10668,0.0052743,-0.0006395,-3.1859e-06
0,1.9603,0.99471,3.4333e-21,-0.00053007,0.22197,0.055743,0.10563,0.0051575,-0.00061568,-3.181e-06
0,1.9625,0.97443,1.6459e-20,-0.00051964,0.22406,0.053515,0.10447,0.0050255,-0.00059155,-3.1685e-06
0,1.9646,0.95276,-7.8529e-21,-0.0005093,0.22585,0.05121,0.10317,0.004877,-0.00056707,-3.1455e-06
0,1.9666,0.92959,-2.8347e-21,-0.0004989,0.22727,0.048835,0.10175,0.0047106,-0.00054216,-3.1081e-06
0,1.9686,0.90485,-3.0493e-21,-0.00048826,0.22823,0.046398,0.10019,0.0045254,-0.0005167,-3.053e-06
0,1.9705,0.87844,-1.3485e-20,-0.00047719,0.22867,0.043908,0.098489,0.0043206,-0.00049059,-2.9783e-06
0,1.9724,0.85031,-6.0789e-21,-0.00046547,0.2285,0.041377,0.096646,0.0040956,-0.00046373,-2.8836e-06
0,1.9742,0.8204,-2.7548e-20,-0.00045292,0.22761,0.038814,0.094661,0.0038508,-0.00043603,-2.7677e-06
0,1.9759,0.78871,2.4169e-20,-0.00043933,0.2259,0.036232,0.092531,0.003587,-0.00040742,-2.6279e-06
0,1.9776,0.75523,5.5179e-21,-0.00042451,0.22329,0.033645,0.090258,0.003306,-0.00037786,-2.4613e-06
0,1.9792,0.72003,-1.2274e-20,-0.00040829,0.21968,0.031066,0.087841,0.0030106,-0.0003474,-2.2667e-06
0,1.9808,0.68322,6.1683e-21,-0.00039056,0.21497,0.028508,0.085279,0.0027047,-0.00031618,-2.0463e-06
0,1.9823,0.64495,-2.1703e-21,-0.0003713,0.2091,0.025985,0.08257,0.0023932,-0.00028451,-1.8063e-06
0,1.9837,0.60544,5.4116e-21,-0.00035059,0.20203,0.023513,0.07971,0.0020819,-0.00025281,-1.5562e-06
0,1.9851,0.56496,6.3584e-21,-0.00032862,0.19374,0.021104,0.076691,0.0017773,-0.00022161,-1.3073e-06
0,1.9864,0.52382,5.3438e-21,-0.00030568,0.18428,0.018773,0.073506,0.001486,-0.00019149,-1.0706e-06
0,1.9877,0.48238,-1.0033e-21,-0.0002821,0.17372,0.016535,0.070144,0.0012144,-0.00016298,-8.5509e-07
0,1.9889,0.44101,3.2168e-21,-0.00025823,0.1622,0.014402,0.066596,0.00096786,-0.00013657,-6.6658e-07
0,1.99,0.40012,7.6515e-22,-0.00023443,0.14989,0.012391,0.062853,0.0007507,-0.0001126,-5.0743e-07
0,1.9911,0.36007,-2.1006e-21,-0.00021101,0.13702,0.010512,0.058915,0.00056533,-9.1278e-05,-3.7721e-07
0,1.9921,0.32122,-2.5703e-21,-0.00018824,0.12382,0.0087797,0.054786,0.00041239,-7.2688e-05,-2.736e-07
0,1.9931,0.28388,-5.0163e-22,-0.00016635,0.11057,0.0072034,0.05048,0.00029065,-5.6795e-05,-1.9328e-07
0,1.994,0.24834,1.9011e-22,-0.00014549,0.097492,0.0057917,0.046022,0.00019737,-4.3474e-05,-1.3261e-07
0,1.9948,0.21481,2.1505e-22,-0.00012582,0.084824,0.0045499,0.041449,0.00012874,-3.2532e-05,-8.8005e-08
0,1.9956,0.18345,-3.0823e-22,-0.00010744,0.07275,0.0034802,0.036806,8.0341e-05,-2.3733e-05,-5.6191e-08
0,1.9963,0.15441,-3.6681e-22,-9.0412e-05,0.061416,0.0025804,0.03215,4.7739e-05,-1.6817e-05,-3.4281e-08
0,1.9969,0.12776,4.4869e-22,-7.4795e-05,0.050927,0.0018443,0.027547,2.6835e-05,-1.1518e-05,-1.9811e-08
0,1.9975,0.10357,-3.287e-22,-6.0622e-05,0.041353,0.0012615,0.023067,1.4141e-05,-7.5733e-06,-1.0725e-08
0,1.998,0.081886,-3.8234e-23,-4.7918e-05,0.032738,0.00081787,0.018784,6.8978e-06,-4.7366e-06,-5.3609e-09
0,1.9985,0.062722,5.0998e-23,-3.6697e-05,0.025106,0.00049585,0.014776,3.0569e-06,-2.7809e-06,-2.4258e-09
0,1.9989,0.046097,1.2411e-23,-2.6965e-05,0.018473,0.00027565,0.011117,1.1968e-06,-1.5032e-06,-9.6547e-10
0,1.9992,0.03202,1.3323e-23,-1.8727e-05,0.012845,0.00013631,0.0078787,3.9598e-07,-7.2587e-07,-3.2329e-10
0,1.9995,0.020497,7.1174e-24,-1.1986e-05,0.0082309,5.7e-05,0.005128,1.027e-07,-2.9765e-07,-8.4519e-11
0,1.9997,0.011531,-4.5403e-25,-6.7425e-06,0.0046346,1.8328e-05,0.0029229,1.8121e-08,-9.4265e-08,-1.4985e-11
0,1.9999,0.0051255,2.4678e-25,-2.9967e-06,0.0020614,3.6613e-06,0.0013114,1.581e-09,-1.8633e-08,-1.3115e-12
0,2,0.0012815,4.0354e-26,-7.4919e-07,0.00051557,2.3022e-07,0.00032958,2.4593e-11,-1.1651e-09,-2.0434e-14
0,2,-7.2007e-16,1.2238e-35,-1.756e-18,1.9673e-14,7.7476e-17,1.0067e-15,-1.5356e-35,-1.4241e-32,-2.0384e-35
