x,y,U,V,urms,vrms,uv
0,0,2.6033e-15,6.1105e-20,3.5677e-14,1.3237e-16,-7.8262e-33
0,2.4369e-05,3.3777e-07,1.1478e-10,0.00014049,8.8085e-08,1.1901e-13
0,9.7476e-05,1.0402e-06,3.547e-10,0.00055041,1.4008e-06,6.8925e-12
0,0.00021932,1.4664e-06,2.427e-09,0.0011971,6.8739e-06,6.8801e-11
0,0.00038988,1.6348e-06,-1.1268e-08,0.002031,2.1057e-05,3.0714e-10
0,0.00060917,1.4256e-06,-3.8071e-08,0.0029925,4.9372e-05,8.3573e-10
0,0.00087717,1.533e-06,-1.1779e-07,0.0040181,9.7648e-05,1.5329e-09
0,0.0011939,1.3143e-06,-2.2194e-07,0.0050478,0.00017129,1.7174e-09
0,0.0015592,1.5729e-06,-4.143e-07,0.0060304,0.00027504,4.1762e-11
0,0.0019733,1.275e-06,-6.307e-07,0.0069275,0.00041235,-5.4163e-09
0,0.0024359,1.5688e-06,-9.7158e-07,0.0077144,0.00058565,-1.6352e-08
0,0.0029472,1.2399e-06,-1.3248e-06,0.0083808,0.00079599,-3.3569e-08
0,0.0035071,1.5882e-06,-1.8319e-06,0.0089281,0.0010438,-5.56e-08
0,0.0041156,1.0062e-06,-2.3299e-06,0.009368,0.0013284,-7.8316e-08
0,0.0047726,8.1133e-07,-3.0118e-06,0.0097185,0.0016494,-9.3808e-08
0,0.0054781,-8.4089e-09,-3.6233e-06,0.010002,0.002006,-9.448e-08
0,0.0062321,-4.2862e-07,-4.3965e-06,0.01024,0.0023989,-7.3737e-08
0,0.0070345,-2.2595e-06,-5.0314e-06,0.01045,0.0028291,-3.3336e-08
0,0.0078853,-4.5585e-06,-5.9099e-06,0.010653,0.0032997,2.8826e-08
0,0.0087845,-1.1608e-05,-6.5728e-06,0.010873,0.0038139,1.17e-07
0,0.0097319,-2.1192e-05,-7.2982e-06,0.011122,0.0043778,2.186e-07
0,0.010728,-3.3765e-05,-7.7873e-06,0.011418,0.0049992,2.9344e-07
0,0.011772,-4.6495e-05,-8.9985e-06,0.011782,0.0056922,2.8385e-07
0,0.012864,-6.8939e-05,-9.7409e-06,0.012266,0.0064735,2.8016e-08
0,0.014004,-0.00010511,-1.1182e-05,0.012928,0.0073657,-7.3533e-07
0,0.015192,-0.00017657,-1.3023e-05,0.013825,0.0083961,-2.5605e-06
0,0.016429,-0.0003216,-2.2451e-05,0.015039,0.0095936,-6.5461e-06
0,0.017713,-0.00055628,-4.1866e-05,0.016564,0.010977,-1.3854e-05
0,0.019045,-0.00081833,-6.8999e-05,0.018301,0.012551,-2.5348e-05
0,0.020425,-0.0010262,-8.9146e-05,0.020188,0.014304,-4.1858e-05
0,0.021852,-0.0011097,-0.00010212,0.022336,0.016225,-6.6099e-05
0,0.023328,-0.0010185,-0.0001185,0.025071,0.018332,-0.00010163
0,0.024851,-0.00063112,-0.0001472,0.028844,0.020642,-0.00015307
0,0.026421,0.00033135,-0.00019259,0.034082,0.023178,-0.00022662
0,0.028039,0.0019684,-0.00024908,0.04096,0.025959,-0.00032849
0,0.029704,0.0043237,-0.00032539,0.049317,0.028984,-0.00046336
0,0.031417,0.0073505,-0.00039568,0.058844,0.03224,-0.00063519
0,0.033177,0.011163,-0.00045903,0.06941,0.035692,-0.00085116
0,0.034984,0.015932,-0.00054429,0.081408,0.039416,-0.0011223
0,0.036837,0.021955,-0.00067308,0.094952,0.043513,-0.0014661
0,0.038738,0.030258,-0.00088426,0.11027,0.048064,-0.0018891
0,0.040686,0.041811,-0.0012265,0.12761,0.052939,-0.0023923
0,0.042681,0.056348,-0.0017307,0.14686,0.058114,-0.0029856
0,0.044722,0.074761,-0.002342,0.16736,0.06365,-0.0036669
0,0.046809,0.097106,-0.0029513,0.18847,0.069464,-0.0044202
0,0.048943,0.1238,-0.0035236,0.20951,0.075379,-0.0052322
0,0.051124,0.15395,-0.0040156,0.23006,0.081208,-0.0060971
0,0.053351,0.18926,-0.0043571,0.24821,0.08706,-0.0070092
0,0.055624,0.23057,-0.0047577,0.26357,0.092829,-0.0079571
0,0.057943,0.27522,-0.0050799,0.2765,0.098142,-0.0089646
0,0.060307,0.3218,-0.0053977,0.28514,0.10332,-0.010066
0,0.062718,0.3702,-0.0056361,0.28986,0.10839,-0.011167
0,0.065174,0.41951,-0.0057687,0.29081,0.11313,-0.012193
0,0.067676,0.46641,-0.0058373,0.29076,0.11744,-0.013045
0,0.070224,0.51029,-0.0055615,0.28998,0.12128,-0.01369
0,0.072816,0.55344,-0.0052263,0.2861,0.1246,-0.014217
0,0.075454,0.59316,-0.0049266,0.28306,0.12731,-0.014655
0,0.078137,0.62933,-0.0046535,0.28043,0.12969,-0.015027
0,0.080865,0.66265,-0.0044241,0.27796,0.1319,-0.015323
0,0.083637,0.69382,-0.0042837,0.27547,0.13398,-0.015575
0,0.086455,0.72323,-0.0041653,0.27304,0.13588,-0.015783
0,0.089316,0.75081,-0.0040405,0.27082,0.13753,-0.015969
0,0.092223,0.77714,-0.0039444,0.26866,0.13891,-0.016102
0,0.095173,0.80199,-0.0038568,0.26675,0.14,-0.0162
0,0.098167,0.82545,-0.003787,0.26505,0.14085,-0.016266
0,0.10121,0.84758,-0.0037493,0.26357,0.14154,-0.016313
0,0.10429,0.86854,-0.0037481,0.26224,0.14213,-0.016349
0,0.10741,0.88837,-0.0037838,0.26107,0.14265,-0.01639
0,0.11058,0.90721,-0.0038462,0.26001,0.14313,-0.016428
0,0.1138,0.92508,-0.0039305,0.25905,0.14357,-0.01646
0,0.11705,0.94218,-0.004013,0.25819,0.14395,-0.016474
0,0.12035,0.95851,-0.0040849,0.25748,0.14426,-0.01648
0,0.12369,0.97419,-0.0041332,0.25689,0.14451,-0.016475
0,0.12708,0.98923,-0.0041694,0.25642,0.1447,-0.016469
0,0.13051,1.0038,-0.0041922,0.25604,0.14485,-0.01646
0,0.13397,1.0178,-0.004219,0.25569,0.14496,-0.016461
0,0.13749,1.0314,-0.0042527,0.25531,0.14504,-0.016455
0,0.14104,1.0445,-0.0043079,0.25492,0.14512,-0.016443
0,0.14464,1.0574,-0.0043687,0.25453,0.14518,-0.016424
0,0.14827,1.0698,-0.0044234,0.25415,0.14523,-0.016407
0,0.15195,1.082,-0.0044519,0.25375,0.14526,-0.016384
0,0.15567,1.0939,-0.0044639,0.25334,0.14529,-0.016362
0,0.15943,1.1056,-0.0044642,0.25295,0.14532,-0.016336
0,0.16324,1.1171,-0.0044772,0.25261,0.14535,-0.016313
0,0.16708,1.1284,-0.0045077,0.25226,0.14538,-0.016284
0,0.17096,1.1395,-0.0045621,0.25192,0.14543,-0.016254
0,0.17489,1.1504,-0.0046199,0.25154,0.14548,-0.016211
0,0.17885,1.1612,-0.0046665,0.25116,0.14551,-0.016167
0,0.18286,1.1717,-0.0046741,0.25076,0.14552,-0.016119
0,0.1869,1.182,-0.004643,0.25036,0.14551,-0.016073
0,0.19098,1.1921,-0.0045767,0.24993,0.14549,-0.016023
0,0.19511,1.2021,-0.0045033,0.2495,0.14545,-0.015981
0,0.19927,1.212,-0.0044242,0.24911,0.1454,-0.015943
0,0.20347,1.2217,-0.0043548,0.24882,0.14531,-0.015913
0,0.20771,1.2312,-0.0042933,0.24855,0.14518,-0.015878
0,0.21199,1.2406,-0.0042546,0.2483,0.145,-0.015842
0,0.21631,1.2498,-0.0042292,0.24802,0.14477,-0.015799
0,0.22066,1.2588,-0.0042325,0.24771,0.14447,-0.01576
0,0.22506,1.2677,-0.0042608,0.24733,0.14415,-0.015723
0,0.22949,1.2764,-0.0043218,0.24693,0.14383,-0.015695
0,0.23396,1.2851,-0.0043924,0.24649,0.14352,-0.015663
0,0.23846,1.2936,-0.0044692,0.24605,0.14322,-0.015629
0,0.243,1.3021,-0.0045403,0.24557,0.14294,-0.01558
0,0.24759,1.3105,-0.0046129,0.24504,0.14267,-0.015515
0,0.2522,1.3189,-0.0046748,0.24442,0.14242,-0.015432
0,0.25686,1.3271,-0.0047378,0.24374,0.14221,-0.015346
0,0.26154,1.3351,-0.0047983,0.24297,0.14204,-0.015254
0,0.26627,1.3431,-0.0048675,0.24215,0.14189,-0.015157
0,0.27103,1.3511,-0.0049339,0.2413,0.14172,-0.015054
0,0.27583,1.3589,-0.0050038,0.24049,0.14152,-0.014957
0,0.28066,1.3668,-0.0050609,0.23967,0.14131,-0.014862
0,0.28553,1.3745,-0.0051139,0.23883,0.14108,-0.014773
0,0.29043,1.3822,-0.0051615,0.23791,0.14087,-0.014684
0,0.29537,1.3899,-0.0052222,0.23692,0.14064,-0.014602
0,0.30034,1.3975,-0.0052827,0.23589,0.14037,-0.014525
0,0.30534,1.4049,-0.0053414,0.23489,0.14006,-0.014449
0,0.31038,1.4123,-0.0053841,0.23394,0.13972,-0.014363
0,0.31545,1.4196,-0.005418,0.23305,0.13937,-0.014273
0,0.32056,1.4268,-0.0054285,0.23222,0.13902,-0.01418
0,0.3257,1.4339,-0.0054291,0.23145,0.13868,-0.014089
0,0.33087,1.4409,-0.0054254,0.23067,0.13835,-0.013991
0,0.33607,1.4479,-0.0054393,0.22988,0.13804,-0.01389
0,0.34131,1.455,-0.0054639,0.22904,0.13775,-0.013783
0,0.34658,1.462,-0.0054938,0.22819,0.13746,-0.013677
0,0.35188,1.469,-0.0055121,0.22732,0.13715,-0.013567
0,0.35721,1.4759,-0.0055147,0.22647,0.13681,-0.013457
0,0.36258,1.4828,-0.0054897,0.22558,0.13646,-0.013346
0,0.36797,1.4896,-0.0054448,0.22469,0.13608,-0.013245
0,0.3734,1.4964,-0.00538,0.22379,0.1357,-0.013148
0,0.37885,1.503,-0.0053068,0.2229,0.13532,-0.013056
0,0.38434,1.5097,-0.0052274,0.22193,0.13497,-0.012961
0,0.38985,1.5162,-0.0051486,0.22092,0.1346,-0.012864
0,0.3954,1.5229,-0.0050624,0.2198,0.13422,-0.012759
0,0.40098,1.5294,-0.004968,0.21865,0.13382,-0.012652
0,0.40658,1.536,-0.0048599,0.21748,0.1334,-0.01254
0,0.41221,1.5425,-0.0047531,0.21635,0.13298,-0.01243
0,0.41788,1.5491,-0.0046489,0.21528,0.13257,-0.012316
0,0.42357,1.5556,-0.004554,0.21427,0.13216,-0.012201
0,0.42929,1.5621,-0.0044616,0.2132,0.13176,-0.012082
0,0.43503,1.5686,-0.0043748,0.21209,0.13137,-0.011966
0,0.44081,1.5752,-0.0042938,0.21093,0.13099,-0.011851
0,0.44661,1.5817,-0.004233,0.2098,0.13063,-0.011741
0,0.45244,1.5883,-0.0041879,0.20865,0.13027,-0.011632
0,0.45829,1.5948,-0.0041555,0.20752,0.12991,-0.01153
0,0.46417,1.6012,-0.0041207,0.20629,0.12954,-0.011432
0,0.47008,1.6076,-0.0040801,0.20498,0.12915,-0.011333
0,0.47601,1.614,-0.0040268,0.2036,0.12874,-0.011224
0,0.48197,1.6203,-0.0039602,0.20221,0.12828,-0.011107
0,0.48796,1.6267,-0.0038712,0.2008,0.12778,-0.01098
0,0.49397,1.6331,-0.0037719,0.19943,0.12725,-0.010851
0,0.5,1.6395,-0.0036751,0.19808,0.1267,-0.010716
0,0.50606,1.6458,-0.0035988,0.19681,0.12614,-0.010583
0,0.51214,1.6522,-0.003537,0.19553,0.12558,-0.010448
0,0.51825,1.6584,-0.003497,0.19426,0.12501,-0.010315
0,0.52438,1.6647,-0.0034851,0.19298,0.12445,-0.010182
0,0.53053,1.6709,-0.003506,0.19172,0.12389,-0.010054
0,0.5367,1.6771,-0.0035466,0.19048,0.12333,-0.009932
0,0.5429,1.6832,-0.0035915,0.18929,0.12279,-0.0098139
0,0.54912,1.6894,-0.003625,0.1881,0.12224,-0.0096934
0,0.55536,1.6955,-0.0036407,0.1869,0.12167,-0.009573
0,0.56163,1.7017,-0.0036326,0.18567,0.12106,-0.0094504
0,0.56791,1.7078,-0.0036011,0.18447,0.12042,-0.0093292
0,0.57422,1.7139,-0.0035565,0.18325,0.11976,-0.0092046
0,0.58055,1.7199,-0.0035121,0.182,0.11909,-0.0090771
0,0.5869,1.726,-0.0034703,0.18075,0.11844,-0.0089478
0,0.59326,1.732,-0.0034265,0.17952,0.11778,-0.0088225
0,0.59965,1.738,-0.0033773,0.17822,0.11714,-0.0086977
0,0.60606,1.7439,-0.0033218,0.17687,0.1165,-0.0085726
0,0.61248,1.7499,-0.0032621,0.17548,0.11588,-0.0084424
0,0.61893,1.7557,-0.0031937,0.17409,0.11526,-0.0083082
0,0.62539,1.7616,-0.0031206,0.17271,0.11465,-0.008169
0,0.63188,1.7674,-0.0030374,0.17136,0.11402,-0.0080276
0,0.63838,1.7733,-0.0029422,0.17,0.11337,-0.007886
0,0.64489,1.779,-0.0028399,0.16869,0.11269,-0.0077507
0,0.65143,1.7848,-0.0027416,0.16741,0.11201,-0.0076191
0,0.65798,1.7904,-0.0026477,0.16617,0.11133,-0.0074848
0,0.66455,1.796,-0.0025594,0.16494,0.11066,-0.0073468
0,0.67113,1.8015,-0.0024779,0.16368,0.11001,-0.007208
0,0.67773,1.8071,-0.0024003,0.16237,0.10937,-0.0070697
0,0.68435,1.8124,-0.002321,0.16105,0.10873,-0.0069338
0,0.69098,1.8179,-0.0022465,0.15973,0.10809,-0.0067985
0,0.69763,1.8232,-0.0021762,0.15839,0.10745,-0.0066598
0,0.70429,1.8287,-0.0021132,0.15702,0.1068,-0.0065146
0,0.71097,1.8339,-0.002054,0.15562,0.10613,-0.0063678
0,0.71766,1.8393,-0.0019996,0.15419,0.10546,-0.006223
0,0.72436,1.8445,-0.0019501,0.15273,0.10475,-0.0060811
0,0.73108,1.8497,-0.0019078,0.15124,0.10403,-0.0059394
0,0.73781,1.8547,-0.001865,0.14972,0.10331,-0.0057975
0,0.74455,1.8597,-0.001816,0.14815,0.10261,-0.0056556
0,0.75131,1.8645,-0.0017549,0.14656,0.10192,-0.005515
0,0.75808,1.8693,-0.0016847,0.14496,0.10123,-0.0053743
0,0.76486,1.8739,-0.001611,0.14342,0.10055,-0.0052318
0,0.77165,1.8786,-0.0015408,0.14193,0.099863,-0.0050878
0,0.77845,1.883,-0.0014713,0.14045,0.099182,-0.0049413
0,0.78526,1.8876,-0.0013978,0.1389,0.098518,-0.0047911
0,0.79209,1.892,-0.0013182,0.13728,0.097861,-0.0046383
0,0.79892,1.8964,-0.0012369,0.13564,0.097215,-0.0044831
0,0.80577,1.9006,-0.0011568,0.13402,0.096573,-0.0043233
0,0.81262,1.9049,-0.0010803,0.13244,0.095944,-0.004159
0,0.81948,1.9089,-0.0010092,0.13088,0.095319,-0.003993
0,0.82635,1.9129,-0.0009466,0.12938,0.094717,-0.0038274
0,0.83323,1.9166,-0.00089143,0.12794,0.09413,-0.0036637
0,0.84012,1.9203,-0.00084174,0.12653,0.093563,-0.0035021
0,0.84701,1.9237,-0.00079079,0.12518,0.093004,-0.003341
0,0.85392,1.9269,-0.00074163,0.12391,0.092472,-0.0031817
0,0.86083,1.9299,-0.00069695,0.12271,0.091964,-0.0030259
0,0.86774,1.9329,-0.00066477,0.12155,0.091488,-0.0028738
0,0.87467,1.9356,-0.00064684,0.1204,0.091039,-0.0027221
0,0.8816,1.9383,-0.00064474,0.11926,0.090622,-0.0025693
0,0.88853,1.9408,-0.00064503,0.11819,0.090216,-0.0024134
0,0.89547,1.9433,-0.00064189,0.11722,0.08983,-0.0022546
0,0.90242,1.9455,-0.00062801,0.11638,0.089459,-0.002095
0,0.90937,1.9477,-0.00060713,0.11562,0.089121,-0.0019365
0,0.91632,1.9497,-0.00057682,0.11491,0.088817,-0.0017807
0,0.92328,1.9516,-0.00054526,0.11423,0.088549,-0.0016283
0,0.93024,1.9533,-0.00051344,0.11358,0.088306,-0.0014803
0,0.93721,1.955,-0.00048586,0.11295,0.088093,-0.0013385
0,0.94418,1.9563,-0.00045323,0.11235,0.087897,-0.0011991
0,0.95115,1.9576,-0.00041546,0.11178,0.087719,-0.0010576
0,0.95812,1.9587,-0.00036841,0.11126,0.087548,-0.00091276
0,0.9651,1.9596,-0.00031575,0.11081,0.087398,-0.00076674
0,0.97208,1.9603,-0.00025612,0.11045,0.087278,-0.00061848
0,0.97906,1.9609,-0.00019354,0.11016,0.087206,-0.00046693
0,0.98604,1.9613,-0.00012903,0.10992,0.087167,-0.00031202
0,0.99302,1.9616,-6.5036e-05,0.10975,0.087155,-0.00015604
0,1,1.9616,0,0.10968,0.087149,0
0,1.007,1.9616,0,0.10968,0.087149,0
0,1.014,1.9616,-6.5036e-05,0.10975,0.087155,0.00015604
0,1.0209,1.9613,-0.00012903,0.10992,0.087167,0.00031202
0,1.0279,1.9609,-0.00019354,0.11016,0.087206,0.00046693
0,1.0349,1.9603,-0.00025612,0.11045,0.087278,0.00061848
0,1.0419,1.9596,-0.00031575,0.11081,0.087398,0.00076674
0,1.0488,1.9587,-0.00036841,0.11126,0.087548,0.00091276
0,1.0558,1.9576,-0.00041546,0.11178,0.087719,0.0010576
0,1.0628,1.9563,-0.00045323,0.11235,0.087897,0.0011991
0,1.0698,1.955,-0.00048586,0.11295,0.088093,0.0013385
0,1.0767,1.9533,-0.00051344,0.11358,0.088306,0.0014803
0,1.0837,1.9516,-0.00054526,0.11423,0.088549,0.0016283
0,1.0906,1.9497,-0.00057682,0.11491,0.088817,0.0017807
0,1.0976,1.9477,-0.00060713,0.11562,0.089121,0.0019365
0,1.1045,1.9455,-0.00062801,0.11638,0.089459,0.002095
0,1.1115,1.9433,-0.00064189,0.11722,0.08983,0.0022546
0,1.1184,1.9408,-0.00064503,0.11819,0.090216,0.0024134
0,1.1253,1.9383,-0.00064474,0.11926,0.090622,0.0025693
0,1.1323,1.9356,-0.00064684,0.1204,0.091039,0.0027221
0,1.1392,1.9329,-0.00066477,0.12155,0.091488,0.0028738
0,1.1461,1.9299,-0.00069695,0.12271,0.091964,0.0030259
0,1.153,1.9269,-0.00074163,0.12391,0.092472,0.0031817
0,1.1599,1.9237,-0.00079079,0.12518,0.093004,0.003341
0,1.1668,1.9203,-0.00084174,0.12653,0.093563,0.0035021
0,1.1736,1.9166,-0.00089143,0.12794,0.09413,0.0036637
0,1.1805,1.9129,-0.0009466,0.12938,0.094717,0.0038274
0,1.1874,1.9089,-0.0010092,0.13088,0.095319,0.003993
0,1.1942,1.9049,-0.0010803,0.13244,0.095944,0.004159
0,1.2011,1.9006,-0.0011568,0.13402,0.096573,0.0043233
0,1.2079,1.8964,-0.0012369,0.13564,0.097215,0.0044831
0,1.2147,1.892,-0.0013182,0.13728,0.097861,0.0046383
0,1.2215,1.8876,-0.0013978,0.1389,0.098518,0.0047911
0,1.2284,1.883,-0.0014713,0.14045,0.099182,0.0049413
0,1.2351,1.8786,-0.0015408,0.14193,0.099863,0.0050878
0,1.2419,1.8739,-0.001611,0.14342,0.10055,0.0052318
0,1.2487,1.8693,-0.0016847,0.14496,0.10123,0.0053743
0,1.2554,1.8645,-0.0017549,0.14656,0.10192,0.005515
0,1.2622,1.8597,-0.001816,0.14815,0.10261,0.0056556
0,1.2689,1.8547,-0.001865,0.14972,0.10331,0.0057975
0,1.2756,1.8497,-0.0019078,0.15124,0.10403,0.0059394
0,1.2823,1.8445,-0.0019501,0.15273,0.10475,0.0060811
0,1.289,1.8393,-0.0019996,0.15419,0.10546,0.006223
0,1.2957,1.8339,-0.002054,0.15562,0.10613,0.0063678
0,1.3024,1.8287,-0.0021132,0.15702,0.1068,0.0065146
0,1.309,1.8232,-0.0021762,0.15839,0.10745,0.0066598
0,1.3156,1.8179,-0.0022465,0.15973,0.10809,0.0067985
0,1.3223,1.8124,-0.002321,0.16105,0.10873,0.0069338
0,1.3289,1.8071,-0.0024003,0.16237,0.10937,0.0070697
0,1.3355,1.8015,-0.0024779,0.16368,0.11001,0.007208
0,1.342,1.796,-0.0025594,0.16494,0.11066,0.0073468
0,1.3486,1.7904,-0.0026477,0.16617,0.11133,0.0074848
0,1.3551,1.7848,-0.0027416,0.16741,0.11201,0.0076191
0,1.3616,1.779,-0.0028399,0.16869,0.11269,0.0077507
0,1.3681,1.7733,-0.0029422,0.17,0.11337,0.007886
0,1.3746,1.7674,-0.0030374,0.17136,0.11402,0.0080276
0,1.3811,1.7616,-0.0031206,0.17271,0.11465,0.008169
0,1.3875,1.7557,-0.0031937,0.17409,0.11526,0.0083082
0,1.3939,1.7499,-0.0032621,0.17548,0.11588,0.0084424
0,1.4003,1.7439,-0.0033218,0.17687,0.1165,0.0085726
0,1.4067,1.738,-0.0033773,0.17822,0.11714,0.0086977
0,1.4131,1.732,-0.0034265,0.17952,0.11778,0.0088225
0,1.4195,1.726,-0.0034703,0.18075,0.11844,0.0089478
0,1.4258,1.7199,-0.0035121,0.182,0.11909,0.0090771
0,1.4321,1.7139,-0.0035565,0.18325,0.11976,0.0092046
0,1.4384,1.7078,-0.0036011,0.18447,0.12042,0.0093292
0,1.4446,1.7017,-0.0036326,0.18567,0.12106,0.0094504
0,1.4509,1.6955,-0.0036407,0.1869,0.12167,0.009573
0,1.4571,1.6894,-0.003625,0.1881,0.12224,0.0096934
0,1.4633,1.6832,-0.0035915,0.18929,0.12279,0.0098139
0,1.4695,1.6771,-0.0035466,0.19048,0.12333,0.009932
0,1.4756,1.6709,-0.003506,0.19172,0.12389,0.010054
0,1.4818,1.6647,-0.0034851,0.19298,0.12445,0.010182
0,1.4879,1.6584,-0.003497,0.19426,0.12501,0.010315
0,1.4939,1.6522,-0.003537,0.19553,0.12558,0.010448
0,1.5,1.6458,-0.0035988,0.19681,0.12614,0.010583
0,1.506,1.6395,-0.0036751,0.19808,0.1267,0.010716
0,1.512,1.6331,-0.0037719,0.19943,0.12725,0.010851
0,1.518,1.6267,-0.0038712,0.2008,0.12778,0.01098
0,1.524,1.6203,-0.0039602,0.20221,0.12828,0.011107
0,1.5299,1.614,-0.0040268,0.2036,0.12874,0.011224
0,1.5358,1.6076,-0.0040801,0.20498,0.12915,0.011333
0,1.5417,1.6012,-0.0041207,0.20629,0.12954,0.011432
0,1.5476,1.5948,-0.0041555,0.20752,0.12991,0.01153
0,1.5534,1.5883,-0.0041879,0.20865,0.13027,0.011632
0,1.5592,1.5817,-0.004233,0.2098,0.13063,0.011741
0,1.565,1.5752,-0.0042938,0.21093,0.13099,0.011851
0,1.5707,1.5686,-0.0043748,0.21209,0.13137,0.011966
0,1.5764,1.5621,-0.0044616,0.2132,0.13176,0.012082
0,1.5821,1.5556,-0.004554,0.21427,0.13216,0.012201
0,1.5878,1.5491,-0.0046489,0.21528,0.13257,0.012316
0,1.5934,1.5425,-0.0047531,0.21635,0.13298,0.01243
0,1.599,1.536,-0.0048599,0.21748,0.1334,0.01254
0,1.6046,1.5294,-0.004968,0.21865,0.13382,0.012652
0,1.6101,1.5229,-0.0050624,0.2198,0.13422,0.012759
0,1.6157,1.5162,-0.0051486,0.22092,0.1346,0.012864
0,1.6211,1.5097,-0.0052274,0.22193,0.13497,0.012961
0,1.6266,1.503,-0.0053068,0.2229,0.13532,0.013056
0,1.632,1.4964,-0.00538,0.22379,0.1357,0.013148
0,1.6374,1.4896,-0.0054448,0.22469,0.13608,0.013245
0,1.6428,1.4828,-0.0054897,0.22558,0.13646,0.013346
0,1.6481,1.4759,-0.0055147,0.22647,0.13681,0.013457
0,1.6534,1.469,-0.0055121,0.22732,0.13715,0.013567
0,1.6587,1.462,-0.0054938,0.22819,0.13746,0.013677
0,1.6639,1.455,-0.0054639,0.22904,0.13775,0.013783
0,1.6691,1.4479,-0.0054393,0.22988,0.13804,0.01389
0,1.6743,1.4409,-0.0054254,0.23067,0.13835,0.013991
0,1.6794,1.4339,-0.0054291,0.23145,0.13868,0.014089
0,1.6845,1.4268,-0.0054285,0.23222,0.13902,0.01418
0,1.6896,1.4196,-0.005418,0.23305,0.13937,0.014273
0,1.6947,1.4123,-0.0053841,0.23394,0.13972,0.014363
0,1.6997,1.4049,-0.0053414,0.23489,0.14006,0.014449
0,1.7046,1.3975,-0.0052827,0.23589,0.14037,0.014525
0,1.7096,1.3899,-0.0052222,0.23692,0.14064,0.014602
0,1.7145,1.3822,-0.0051615,0.23791,0.14087,0.014684
0,1.7193,1.3745,-0.0051139,0.23883,0.14108,0.014773
0,1.7242,1.3668,-0.0050609,0.23967,0.14131,0.014862
0,1.729,1.3589,-0.0050038,0.24049,0.14152,0.014957
0,1.7337,1.3511,-0.0049339,0.2413,0.14172,0.015054
0,1.7385,1.3431,-0.0048675,0.24215,0.14189,0.015157
0,1.7431,1.3351,-0.0047983,0.24297,0.14204,0.015254
0,1.7478,1.3271,-0.0047378,0.24374,0.14221,0.015346
0,1.7524,1.3189,-0.0046748,0.24442,0.14242,0.015432
0,1.757,1.3105,-0.0046129,0.24504,0.14267,0.015515
0,1.7615,1.3021,-0.0045403,0.24557,0.14294,0.01558
0,1.766,1.2936,-0.0044692,0.24605,0.14322,0.015629
0,1.7705,1.2851,-0.0043924,0.24649,0.14352,0.015663
0,1.7749,1.2764,-0.0043218,0.24693,0.14383,0.015695
0,1.7793,1.2677,-0.0042608,0.24733,0.14415,0.015723
0,1.7837,1.2588,-0.0042325,0.24771,0.14447,0.01576
0,1.788,1.2498,-0.0042292,0.24802,0.14477,0.015799
0,1.7923,1.2406,-0.0042546,0.2483,0.145,0.015842
0,1.7965,1.2312,-0.0042933,0.24855,0.14518,0.015878
0,1.8007,1.2217,-0.0043548,0.24882,0.14531,0.015913
0,1.8049,1.212,-0.0044242,0.24911,0.1454,0.015943
0,1.809,1.2021,-0.0045033,0.2495,0.14545,0.015981
0,1.8131,1.1921,-0.0045767,0.24993,0.14549,0.016023
0,1.8171,1.182,-0.004643,0.25036,0.14551,0.016073
0,1.8211,1.1717,-0.0046741,0.25076,0.14552,0.016119
0,1.8251,1.1612,-0.0046665,0.25116,0.14551,0.016167
0,1.829,1.1504,-0.0046199,0.25154,0.14548,0.016211
0,1.8329,1.1395,-0.0045621,0.25192,0.14543,0.016254
0,1.8368,1.1284,-0.0045077,0.25226,0.14538,0.016284
0,1.8406,1.1171,-0.0044772,0.25261,0.14535,0.016313
0,1.8443,1.1056,-0.0044642,0.25295,0.14532,0.016336
0,1.848,1.0939,-0.0044639,0.25334,0.14529,0.016362
0,1.8517,1.082,-0.0044519,0.25375,0.14526,0.016384
0,1.8554,1.0698,-0.0044234,0.25415,0.14523,0.016407
0,1.859,1.0574,-0.0043687,0.25453,0.14518,0.016424
0,1.8625,1.0445,-0.0043079,0.25492,0.14512,0.016443
0,1.866,1.0314,-0.0042527,0.25531,0.14504,0.016455
0,1.8695,1.0178,-0.004219,0.25569,0.14496,0.016461
0,1.8729,1.0038,-0.0041922,0.25604,0.14485,0.01646
0,1.8763,0.98923,-0.0041694,0.25642,0.1447,0.016469
0,1.8796,0.97419,-0.0041332,0.25689,0.14451,0.016475
0,1.8829,0.95851,-0.0040849,0.25748,0.14426,0.01648
0,1.8862,0.94218,-0.004013,0.25819,0.14395,0.016474
0,1.8894,0.92508,-0.0039305,0.25905,0.14357,0.01646
0,1.8926,0.90721,-0.0038462,0.26001,0.14313,0.016428
0,1.8957,0.88837,-0.0037838,0.26107,0.14265,0.01639
0,1.8988,0.86854,-0.0037481,0.26224,0.14213,0.016349
0,1.9018,0.84758,-0.0037493,0.26357,0.14154,0.016313
0,1.9048,0.82545,-0.003787,0.26505,0.14085,0.016266
0,1.9078,0.80199,-0.0038568,0.26675,0.14,0.0162
0,1.9107,0.77714,-0.0039444,0.26866,0.13891,0.016102
0,1.9135,0.75081,-0.0040405,0.27082,0.13753,0.015969
0,1.9164,0.72323,-0.0041653,0.27304,0.13588,0.015783
0,1.9191,0.69382,-0.0042837,0.27547,0.13398,0.015575
0,1.9219,0.66265,-0.0044241,0.27796,0.1319,0.015323
0,1.9245,0.62933,-0.0046535,0.28043,0.12969,0.015027
0,1.9272,0.59316,-0.0049266,0.28306,0.12731,0.014655
0,1.9298,0.55344,-0.0052263,0.2861,0.1246,0.014217
0,1.9323,0.51029,-0.0055615,0.28998,0.12128,0.01369
0,1.9348,0.46641,-0.0058373,0.29076,0.11744,0.013045
0,1.9373,0.41951,-0.0057687,0.29081,0.11313,0.012193
0,1.9397,0.3702,-0.0056361,0.28986,0.10839,0.011167
0,1.9421,0.3218,-0.0053977,0.28514,0.10332,0.010066
0,1.9444,0.27522,-0.0050799,0.2765,0.098142,0.0089646
0,1.9466,0.23057,-0.0047577,0.26357,0.092829,0.0079571
0,1.9489,0.18926,-0.0043571,0.24821,0.08706,0.0070092
0,1.9511,0.15395,-0.0040156,0.23006,0.081208,0.0060971
0,1.9532,0.1238,-0.0035236,0.20951,0.075379,0.0052322
0,1.9553,0.097106,-0.0029513,0.18847,0.069464,0.0044202
0,1.9573,0.074761,-0.002342,0.16736,0.06365,0.0036669
0,1.9593,0.056348,-0.0017307,0.14686,0.058114,0.0029856
0,1.9613,0.041811,-0.0012265,0.12761,0.052939,0.0023923
0,1.9632,0.030258,-0.00088426,0.11027,0.048064,0.0018891
0,1.965,0.021955,-0.00067308,0.094952,0.043513,0.0014661
0,1.9668,0.015932,-0.00054429,0.081408,0.039416,0.0011223
0,1.9686,0.011163,-0.00045903,0.06941,0.035692,0.00085116
0,1.9703,0.0073505,-0.00039568,0.058844,0.03224,0.00063519
0,1.972,0.0043237,-0.00032539,0.049317,0.028984,0.00046336
0,1.9736,0.0019684,-0.00024908,0.04096,0.025959,0.00032849
0,1.9751,0.00033135,-0.00019259,0.034082,0.023178,0.00022662
0,1.9767,-0.00063112,-0.0001472,0.028844,0.020642,0.00015307
0,1.9781,-0.0010185,-0.0001185,0.025071,0.018332,0.00010163
0,1.9796,-0.0011097,-0.00010212,0.022336,0.016225,6.6099e-05
0,1.981,-0.0010262,-8.9146e-05,0.020188,0.014304,4.1858e-05
0,1.9823,-0.00081833,-6.8999e-05,0.018301,0.012551,2.5348e-05
0,1.9836,-0.00055628,-4.1866e-05,0.016564,0.010977,1.3854e-05
0,1.9848,-0.0003216,-2.2451e-05,0.015039,0.0095936,6.5461e-06
0,1.986,-0.00017657,-1.3023e-05,0.013825,0.0083961,2.5605e-06
0,1.9871,-0.00010511,-1.1182e-05,0.012928,0.0073657,7.3533e-07
0,1.9882,-6.8939e-05,-9.7409e-06,0.012266,0.0064735,-2.8016e-08
0,1.9893,-4.6495e-05,-8.9985e-06,0.011782,0.0056922,-2.8385e-07
0,1.9903,-3.3765e-05,-7.7873e-06,0.011418,0.0049992,-2.9344e-07
0,1.9912,-2.1192e-05,-7.2982e-06,0.011122,0.0043778,-2.186e-07
0,1.9921,-1.1608e-05,-6.5728e-06,0.010873,0.0038139,-1.17e-07
0,1.993,-4.5585e-06,-5.9099e-06,0.010653,0.0032997,-2.8826e-08
0,1.9938,-2.2595e-06,-5.0314e-06,0.01045,0.0028291,3.3336e-08
0,1.9945,-4.2862e-07,-4.3965e-06,0.01024,0.0023989,7.3737e-08
0,1.9952,-8.4089e-09,-3.6233e-06,0.010002,0.002006,9.448e-08
0,1.9959,8.1133e-07,-3.0118e-06,0.0097185,0.0016494,9.3808e-08
0,1.9965,1.0062e-06,-2.3299e-06,0.009368,0.0013284,7.8316e-08
0,1.9971,1.5882e-06,-1.8319e-06,0.0089281,0.0010438,5.56e-08
0,1.9976,1.2399e-06,-1.3248e-06,0.0083808,0.00079599,3.3569e-08
0,1.998,1.5688e-06,-9.7158e-07,0.0077144,0.00058565,1.6352e-08
0,1.9984,1.275e-06,-6.307e-07,0.0069275,0.00041235,5.4163e-09
0,1.9988,1.5729e-06,-4.143e-07,0.0060304,0.00027504,-4.1762e-11
0,1.9991,1.3143e-06,-2.2194e-07,0.0050478,0.00017129,-1.7174e-09
0,1.9994,1.533e-06,-1.1779e-07,0.0040181,9.7648e-05,-1.5329e-09
0,1.9996,1.4256e-06,-3.8071e-08,0.0029925,4.9372e-05,-8.3573e-10
0,1.9998,1.6348e-06,-1.1268e-08,0.002031,2.1057e-05,-3.0714e-10
0,1.9999,1.4664e-06,2.427e-09,0.0011971,6.8739e-06,-6.8801e-11
0,2,1.0402e-06,3.547e-10,0.00055041,1.4008e-06,-6.8925e-12
0,2,3.3777e-07,1.1478e-10,0.00014049,8.8085e-08,-1.1901e-13
